value,series
1017.1,D1
1019.3,D1
1017,D1
1019.2,D1
1018.7,D1
1015.6,D1
1018.5,D1
1018.3,D1
1018.4,D1
1021.5,D1
1023,D1
1023.3,D1
1020.5,D1
1021.4,D1
1018.1,D1
1022.6,D1
1022.6,D1
1021,D1
1020.1,D1
1017,D1
1019.3,D1
1017.3,D1
1016.1,D1
1017.8,D1
1019.3,D1
1025.1,D1
1024.8,D1
1025.1,D1
1025.1,D1
1022.6,D1
1021.2,D1
1017.2,D1
1041.5,D1
1041.7,D1
1038.9,D1
1041,D1
1042.9,D1
1042.1,D1
1043.9,D1
1039,D1
1037.3,D1
1033.7,D1
1032.5,D1
1036.3,D1
1037.5,D1
1040,D1
1038.4,D1
1035.3,D1
1032,D1
1028.1,D1
1032.2,D1
1030.2,D1
1031.2,D1
1032.8,D1
1030.3,D1
1030.2,D1
1028.1,D1
1022.1,D1
1024.4,D1
1023.4,D1
1026.3,D1
1024,D1
1026.1,D1
1031,D1
1037.6,D1
1036.6,D1
1037.4,D1
1035.4,D1
1038.9,D1
1038.7,D1
1036.5,D1
1036.4,D1
1036.8,D1
1035.3,D1
1032.6,D1
1029.3,D1
1031.3,D1
1027.4,D1
1028.6,D1
1025.8,D1
1026,D1
1022.3,D1
1020.1,D1
1017.7,D1
1018,D1
1023.2,D1
1024.2,D1
1020.5,D1
1022.2,D1
1025.3,D1
1023.3,D1
1035.3,D1
1036.7,D1
1035.1,D1
1032.5,D1
1028.7,D1
1028.1,D1
1025.6,D1
1027.9,D1
1025,D1
1025.7,D1
1025,D1
1023.7,D1
1025.5,D1
1025.8,D1
1030.5,D1
1035.1,D1
1034.2,D1
1032.2,D1
1033.6,D1
1045.6,D1
1040.3,D1
1035.9,D1
1035.4,D1
1031,D1
1035.1,D1
1022.1,D1
1020.4,D1
1019.6,D1
1023.2,D1
1016.5,D1
1011.6,D1
1013.9,D1
1011.3,D1
1020.9,D1
1023.4,D1
1019.6,D1
1016.7,D1
1012,D1
1012.7,D1
1010.7,D1
1002.5,D1
991.5,D1
992.9,D1
997.1,D1
1001.6,D1
997.2,D1
1001.9,D1
1011.7,D1
1005.7,D1
1018.7,D1
1016.5,D1
1018.3,D1
1014.8,D1
1011,D1
1018.7,D1
1009.9,D1
1012.7,D1
1015,D1
1010.4,D1
1099,D1
1095.2,D1
1098.1,D1
1094.8,D1
1097.9,D1
1085.2,D1
1086,D1
1088.2,D1
1088.6,D1
1085.8,D1
1080.4,D1
1077.2,D1
1075.7,D1
1080.3,D1
1081.6,D1
1080.3,D1
1094.8,D1
1097.2,D1
1096.2,D1
1095.4,D1
1093,D1
1084.3,D1
1079.6,D1
1080.8,D1
1083.2,D1
1086.6,D1
1078.6,D1
1078.3,D1
1077.1,D1
1080.3,D1
1082.6,D1
1079.7,D1
1083.5,D1
1080,D1
1079.4,D1
1079.4,D1
1082.1,D1
1080.8,D1
1077.5,D1
1079.7,D1
1078.8,D1
1083.1,D1
1079.7,D1
1078.1,D1
1077.3,D1
1075.5,D1
1080.2,D1
1090.3,D1
1089.6,D1
1087.8,D1
1081.1,D1
1071.7,D1
1071.4,D1
1069.8,D1
1070.5,D1
1066.4,D1
1070.9,D1
1065.5,D1
1068.6,D1
1067.1,D1
1068.3,D1
1074.9,D1
1069.2,D1
1068.6,D1
1076.2,D1
1080.7,D1
1077.7,D1
1077.6,D1
1083.7,D1
1084.4,D1
1084.4,D1
1091.4,D1
1090.4,D1
1096.5,D1
1095,D1
1096.9,D1
1099.8,D1
1096.1,D1
1094.3,D1
1098.9,D1
1099,D1
1101.5,D1
1111.4,D1
1114.1,D1
1112.8,D1
1116.4,D1
1117.3,D1
1115,D1
1113.1,D1
1114.6,D1
1118.2,D1
1117.8,D1
1116.3,D1
1116,D1
1115.9,D1
1114.9,D1
1117.5,D1
1116.3,D1
1115.7,D1
1119.4,D1
1118.6,D1
1119.8,D1
1120.1,D1
1111.6,D1
1106.9,D1
1107.5,D1
1125.3,D1
1126.1,D1
1124.2,D1
1122.1,D1
1126.7,D1
1118.5,D1
1118.5,D1
1119.9,D1
1116,D1
1117.5,D1
1115.3,D1
1114.5,D1
1117.7,D1
1109.1,D1
1107.7,D1
1106.6,D1
1104.6,D1
1109.9,D1
1108.7,D1
1108.7,D1
1106.4,D1
1113.9,D1
1112.2,D1
1112.3,D1
1117.7,D1
1118.5,D1
1119.5,D1
1117.4,D1
1117,D1
1112.5,D1
1136.2,D1
1130.8,D1
1127.2,D1
1118.5,D1
1115.2,D1
1116.5,D1
1119.2,D1
1116.8,D1
1115.8,D1
1114.7,D1
1117.4,D1
1116.6,D1
1115.4,D1
1109.5,D1
1088.6,D1
1090,D1
1078.4,D1
1091.6,D1
1096.3,D1
1200.3,D1
1199.6,D1
1192.8,D1
1192.7,D1
1203.9,D1
1199.6,D1
1209.2,D1
1206,D1
1206.7,D1
1210.7,D1
1204,D1
1193.6,D1
1196.5,D1
1197.2,D1
1194.3,D1
1197.5,D1
1192.2,D1
1194.7,D1
1192.8,D1
1203,D1
1213.6,D1
1209.6,D1
1209.5,D1
1205.2,D1
1193.8,D1
1192.6,D1
1203.4,D1
1210.5,D1
1199.9,D1
1203.4,D1
1211.7,D1
1206,D1
1211,D1
1214.9,D1
1211,D1
1213.5,D1
1214,D1
1209.9,D1
1212.8,D1
1216,D1
1232.4,D1
1255.6,D1
1253.1,D1
1256.1,D1
1251.4,D1
1259.9,D1
1258.5,D1
1262.5,D1
1261.7,D1
1269.9,D1
1259.5,D1
1233.2,D1
1234.4,D1
1236.9,D1
1235.2,D1
1262.2,D1
2100,D4217
4053,D4217
4066,D4217
4047,D4217
3892,D4217
3893,D4217
3878,D4217
3879,D4217
3845,D4217
3853,D4217
3844,D4217
3831,D4217
4053,D4217
4023,D4217
3958,D4217
3891,D4217
3755,D4217
3771,D4217
3765,D4217
3756,D4217
3779,D4217
3785,D4217
3787,D4217
3786,D4217
3803,D4217
4014,D4217
3841,D4217
4082,D4217
4094,D4217
4098,D4217
4111,D4217
4091,D4217
4084,D4217
4070,D4217
4077,D4217
4124,D4217
4125,D4217
4164,D4217
4166,D4217
4154,D4217
4150,D4217
4156,D4217
4160,D4217
4203,D4217
4204,D4217
4177,D4217
4169,D4217
4159,D4217
4163,D4217
4173,D4217
4175,D4217
4175,D4217
4162,D4217
4148,D4217
4112,D4217
4106,D4217
4105,D4217
4077,D4217
4055,D4217
4044,D4217
4030,D4217
4022,D4217
3973,D4217
3977,D4217
3998,D4217
4010,D4217
3980,D4217
3968,D4217
4015,D4217
3998,D4217
3973,D4217
3963,D4217
3936,D4217
3924,D4217
3936,D4217
3953,D4217
3957,D4217
3972,D4217
3972,D4217
4006,D4217
3992,D4217
3988,D4217
3987,D4217
3986,D4217
3950,D4217
3949,D4217
3935,D4217
3926,D4217
3925,D4217
3908,D4217
3906,D4217
3881,D4217
3886,D4217
3914,D4217
3918,D4217
3924,D4217
3916,D4217
3930,D4217
3917,D4217
3945,D4217
3946,D4217
3934,D4217
3939,D4217
3944,D4217
3954,D4217
3979,D4217
3980,D4217
3923,D4217
3858,D4217
3837,D4217
3830,D4217
3806,D4217
3825,D4217
3837,D4217
3829,D4217
3822,D4217
3822,D4217
3822,D4217
3828,D4217
3813,D4217
3821,D4217
3832,D4217
3825,D4217
3827,D4217
3737,D4217
3745,D4217
3741,D4217
3715,D4217
3819,D4217
3840,D4217
3845,D4217
3844,D4217
3838,D4217
3836,D4217
3832,D4217
3839,D4217
3829,D4217
3804,D4217
3800,D4217
3813,D4217
3829,D4217
3815,D4217
3808,D4217
3805,D4217
3832,D4217
3834,D4217
3835,D4217
3842,D4217
3842,D4217
3858,D4217
3860,D4217
3895,D4217
3908,D4217
3881,D4217
3935,D4217
3929,D4217
3925,D4217
3910,D4217
3897,D4217
3852,D4217
3830,D4217
3845,D4217
3838,D4217
3865,D4217
3874,D4217
3833,D4217
3868,D4217
3788,D4217
3776,D4217
3792,D4217
3774,D4217
3760,D4217
3698,D4217
3645,D4217
3671,D4217
3630,D4217
3662,D4217
3648,D4217
3690,D4217
3685,D4217
3703,D4217
3743,D4217
3711,D4217
3710,D4217
3703,D4217
3686,D4217
3751,D4217
3756,D4217
3767,D4217
3776,D4217
3776,D4217
3758,D4217
3733,D4217
3751,D4217
3775,D4217
3739,D4217
3753,D4217
3766,D4217
3768,D4217
3753,D4217
3738,D4217
3720,D4217
3712,D4217
3697,D4217
3690,D4217
3684,D4217
3656,D4217
3651,D4217
3627,D4217
3626,D4217
3604,D4217
3632,D4217
3642,D4217
3628,D4217
3653,D4217
3653,D4217
3735,D4217
3738,D4217
3740,D4217
3736,D4217
3675,D4217
3679,D4217
3685,D4217
3691,D4217
3704,D4217
3709,D4217
3700,D4217
3676,D4217
3647,D4217
3651,D4217
3655,D4217
3678,D4217
3678,D4217
3685,D4217
3693,D4217
3681,D4217
3672,D4217
3619,D4217
3623,D4217
3596,D4217
3584,D4217
3505,D4217
3513,D4217
3557,D4217
3549,D4217
3553,D4217
3613,D4217
3627,D4217
3639,D4217
3640,D4217
3663,D4217
3695,D4217
3708,D4217
3857,D4217
3689,D4217
3846,D4217
3803,D4217
3802,D4217
3815,D4217
3745,D4217
3656,D4217
3720,D4217
3701,D4217
3704,D4217
3678,D4217
3679,D4217
3683,D4217
3658,D4217
3681,D4217
3696,D4217
3694,D4217
3702,D4217
3697,D4217
3679,D4217
3698,D4217
3690,D4217
3665,D4217
3690,D4217
3630,D4217
3700,D4217
3695,D4217
3700,D4217
3700,D4217
3700,D4217
3700,D4217
3675,D4217
3680,D4217
3670,D4217
3660,D4217
3600,D4217
3600,D4217
3600,D4217
3615,D4217
3635,D4217
3640,D4217
3615,D4217
3590,D4217
3590,D4217
3590,D4217
3590,D4217
3615,D4217
3615,D4217
3615,D4217
3615,D4217
3590,D4217
3580,D4217
3615,D4217
3625,D4217
3650,D4217
3650,D4217
3640,D4217
3625,D4217
3600,D4217
3600,D4217
3600,D4217
3600,D4217
3610,D4217
3585,D4217
3585,D4217
3585,D4217
3585,D4217
3585,D4217
3585,D4217
3595,D4217
3610,D4217
3585,D4217
3585,D4217
3585,D4217
3590,D4217
3615,D4217
3615,D4217
3615,D4217
3615,D4217
3615,D4217
3615,D4217
3615,D4217
3600,D4217
3600,D4217
3600,D4217
3605,D4217
3615,D4217
3615,D4217
3575,D4217
3570,D4217
3560,D4217
3540,D4217
3560,D4217
3585,D4217
3585,D4217
3575,D4217
3565,D4217
3575,D4217
3565,D4217
3565,D4217
3560,D4217
3560,D4217
3560,D4217
3525,D4217
3525,D4217
3540,D4217
3540,D4217
12.2,H198
11.7,H198
11.2,H198
10.8,H198
10.4,H198
10.1,H198
10.1,H198
11.7,H198
13.6,H198
15.2,H198
16.6,H198
17.8,H198
18.7,H198
19.4,H198
19.8,H198
20.1,H198
19.9,H198
19.3,H198
17.9,H198
16.2,H198
15.1,H198
14.2,H198
13.4,H198
12.8,H198
12.2,H198
11.8,H198
11.3,H198
10.9,H198
10.6,H198
10.2,H198
10.2,H198
11.8,H198
13.7,H198
15.3,H198
16.8,H198
17.9,H198
18.9,H198
19.6,H198
20,H198
20.2,H198
20.1,H198
19.6,H198
18.2,H198
16.4,H198
15.3,H198
14.4,H198
13.6,H198
13,H198
12.4,H198
11.9,H198
11.4,H198
11.1,H198
10.7,H198
10.3,H198
10.3,H198
12,H198
13.9,H198
15.5,H198
16.9,H198
18.1,H198
19.1,H198
19.8,H198
20.1,H198
20.3,H198
20.2,H198
19.6,H198
18.2,H198
16.5,H198
15.3,H198
14.4,H198
13.7,H198
13,H198
12.4,H198
11.9,H198
11.4,H198
11.1,H198
10.7,H198
10.3,H198
10.4,H198
12.1,H198
14,H198
15.7,H198
17.1,H198
18.3,H198
19.2,H198
19.9,H198
20.3,H198
20.5,H198
20.3,H198
19.8,H198
18.4,H198
16.7,H198
15.5,H198
14.6,H198
13.8,H198
13.1,H198
12.6,H198
12.1,H198
11.6,H198
11.2,H198
10.8,H198
10.4,H198
10.5,H198
12.2,H198
14.2,H198
15.9,H198
17.3,H198
18.5,H198
19.4,H198
20.2,H198
20.5,H198
20.7,H198
20.6,H198
20,H198
18.7,H198
16.9,H198
15.7,H198
14.8,H198
14,H198
13.3,H198
12.8,H198
12.3,H198
11.8,H198
11.4,H198
11.1,H198
10.7,H198
10.8,H198
12.5,H198
14.5,H198
16.2,H198
17.6,H198
18.8,H198
19.7,H198
20.4,H198
20.7,H198
20.9,H198
20.8,H198
20.3,H198
18.9,H198
17.2,H198
15.9,H198
14.9,H198
14.2,H198
13.5,H198
12.9,H198
12.5,H198
12,H198
11.6,H198
11.3,H198
10.9,H198
11.1,H198
12.8,H198
14.7,H198
16.4,H198
17.8,H198
19,H198
19.9,H198
20.7,H198
21,H198
21.2,H198
21.1,H198
20.6,H198
19.2,H198
17.4,H198
16.2,H198
15.2,H198
14.4,H198
13.7,H198
13.2,H198
12.7,H198
12.2,H198
11.8,H198
11.5,H198
11.1,H198
11.3,H198
13,H198
14.9,H198
16.6,H198
18.1,H198
19.2,H198
20.2,H198
20.9,H198
21.2,H198
21.4,H198
21.2,H198
20.7,H198
19.3,H198
17.6,H198
16.4,H198
15.3,H198
14.6,H198
13.8,H198
13.3,H198
12.8,H198
12.3,H198
11.9,H198
11.6,H198
11.2,H198
11.4,H198
13.2,H198
15.2,H198
16.8,H198
18.3,H198
19.4,H198
20.4,H198
21.1,H198
21.4,H198
21.7,H198
21.5,H198
20.9,H198
19.6,H198
17.8,H198
16.6,H198
15.5,H198
14.7,H198
13.9,H198
13.4,H198
12.9,H198
12.5,H198
12.1,H198
11.7,H198
11.4,H198
11.6,H198
13.3,H198
15.3,H198
17.1,H198
18.5,H198
19.7,H198
20.6,H198
21.3,H198
21.7,H198
21.9,H198
21.7,H198
21.2,H198
19.8,H198
18,H198
16.8,H198
15.7,H198
14.9,H198
14.2,H198
13.6,H198
13.1,H198
12.7,H198
12.3,H198
12,H198
11.6,H198
11.8,H198
13.6,H198
15.6,H198
17.2,H198
18.7,H198
19.9,H198
20.8,H198
21.6,H198
21.8,H198
22,H198
21.8,H198
21.3,H198
19.9,H198
18.2,H198
16.9,H198
15.8,H198
15,H198
14.3,H198
13.8,H198
13.3,H198
12.8,H198
12.4,H198
12.1,H198
11.8,H198
11.9,H198
13.7,H198
15.7,H198
17.3,H198
18.8,H198
20,H198
20.9,H198
21.7,H198
22,H198
22.1,H198
21.9,H198
21.3,H198
20.1,H198
18.3,H198
17,H198
15.9,H198
15.1,H198
14.3,H198
13.8,H198
13.3,H198
12.9,H198
12.5,H198
12.2,H198
11.8,H198
12.1,H198
13.9,H198
15.8,H198
17.5,H198
18.9,H198
20.1,H198
21.1,H198
21.8,H198
22.1,H198
22.2,H198
22,H198
21.5,H198
20.2,H198
18.4,H198
17.1,H198
16,H198
15.2,H198
14.5,H198
13.9,H198
13.4,H198
13,H198
12.7,H198
12.3,H198
11.9,H198
12.2,H198
14.1,H198
16,H198
17.7,H198
19.1,H198
20.3,H198
21.2,H198
21.9,H198
22.2,H198
22.4,H198
22.2,H198
21.6,H198
20.3,H198
18.6,H198
17.2,H198
16.1,H198
15.3,H198
14.6,H198
14,H198
13.4,H198
13.1,H198
12.7,H198
12.4,H198
12.1,H198
12.3,H198
14.2,H198
16.1,H198
17.8,H198
19.3,H198
20.4,H198
21.3,H198
22.1,H198
22.4,H198
22.6,H198
22.3,H198
21.8,H198
20.5,H198
18.7,H198
17.3,H198
16.2,H198
15.4,H198
14.7,H198
14.2,H198
13.6,H198
13.2,H198
12.9,H198
12.6,H198
12.2,H198
12.5,H198
14.3,H198
16.3,H198
18.1,H198
19.5,H198
20.7,H198
21.6,H198
22.3,H198
22.6,H198
22.7,H198
22.5,H198
22,H198
20.7,H198
18.9,H198
17.6,H198
16.4,H198
15.7,H198
14.9,H198
14.4,H198
13.9,H198
13.5,H198
13.2,H198
12.8,H198
12.4,H198
12.8,H198
14.6,H198
16.6,H198
18.3,H198
19.7,H198
20.8,H198
21.7,H198
22.4,H198
22.8,H198
22.9,H198
22.7,H198
22.1,H198
20.8,H198
19.1,H198
17.7,H198
16.6,H198
15.8,H198
15.1,H198
14.6,H198
14.1,H198
13.7,H198
13.3,H198
12.9,H198
12.6,H198
13,H198
14.8,H198
16.7,H198
18.4,H198
19.9,H198
21,H198
21.9,H198
22.6,H198
22.9,H198
23.1,H198
22.8,H198
22.3,H198
21,H198
19.2,H198
17.9,H198
16.8,H198
16.1,H198
15.3,H198
14.8,H198
14.3,H198
13.9,H198
13.6,H198
13.2,H198
12.9,H198
13.3,H198
15.1,H198
16.9,H198
18.6,H198
19.9,H198
21.1,H198
21.9,H198
22.6,H198
22.9,H198
23.1,H198
22.8,H198
22.3,H198
21.1,H198
19.3,H198
18,H198
16.9,H198
16.1,H198
15.4,H198
14.9,H198
14.3,H198
13.9,H198
13.6,H198
13.3,H198
12.9,H198
13.3,H198
15.2,H198
17,H198
18.6,H198
20,H198
21.1,H198
22,H198
22.7,H198
23,H198
23.1,H198
22.9,H198
22.3,H198
21.1,H198
19.3,H198
18.1,H198
16.9,H198
16.2,H198
15.5,H198
14.9,H198
14.4,H198
13.9,H198
13.7,H198
13.3,H198
13,H198
13.4,H198
15.2,H198
17.1,H198
18.8,H198
20.1,H198
21.2,H198
22.1,H198
22.8,H198
23.1,H198
23.3,H198
23.1,H198
22.4,H198
21.2,H198
19.5,H198
18.2,H198
17.1,H198
16.3,H198
15.6,H198
15.1,H198
14.5,H198
14.1,H198
13.8,H198
13.4,H198
13.1,H198
13.6,H198
15.4,H198
17.3,H198
19,H198
20.3,H198
21.4,H198
22.3,H198
22.9,H198
23.3,H198
23.4,H198
23.2,H198
22.6,H198
21.4,H198
19.7,H198
18.3,H198
17.3,H198
16.5,H198
15.8,H198
15.3,H198
14.7,H198
14.3,H198
13.9,H198
13.6,H198
13.3,H198
13.8,H198
15.7,H198
17.5,H198
19.2,H198
20.6,H198
21.7,H198
22.5,H198
23.2,H198
23.5,H198
23.6,H198
23.3,H198
22.7,H198
21.6,H198
19.8,H198
18.6,H198
17.4,H198
16.7,H198
15.9,H198
15.4,H198
14.9,H198
14.4,H198
14.1,H198
13.8,H198
13.5,H198
14.1,H198
15.8,H198
17.7,H198
19.4,H198
20.7,H198
21.8,H198
22.7,H198
23.3,H198
23.6,H198
23.7,H198
23.4,H198
22.8,H198
21.7,H198
20,H198
18.7,H198
17.7,H198
16.8,H198
16.2,H198
15.6,H198
15.1,H198
14.6,H198
14.3,H198
14,H198
13.7,H198
14.3,H198
16.1,H198
18,H198
19.6,H198
21,H198
22.1,H198
22.8,H198
23.5,H198
23.8,H198
23.9,H198
23.6,H198
23,H198
21.8,H198
20.2,H198
18.9,H198
17.8,H198
17.1,H198
16.4,H198
15.8,H198
15.3,H198
14.8,H198
14.6,H198
14.2,H198
13.9,H198
14.5,H198
16.3,H198
18.2,H198
19.8,H198
21.1,H198
22.2,H198
22.9,H198
23.6,H198
23.9,H198
24,H198
23.7,H198
23.1,H198
22,H198
20.3,H198
19,H198
17.9,H198
17.2,H198
16.5,H198
15.9,H198
15.4,H198
15,H198
14.7,H198
14.4,H198
14.1,H198
14.7,H198
16.5,H198
18.3,H198
19.9,H198
21.3,H198
22.3,H198
23.1,H198
23.7,H198
24,H198
24.1,H198
23.9,H198
23.2,H198
22.1,H198
20.4,H198
19.1,H198
18.1,H198
17.3,H198
16.7,H198
16.1,H198
15.6,H198
15.1,H198
14.8,H198
14.6,H198
14.2,H198
14.9,H198
16.7,H198
18.5,H198
20.1,H198
21.4,H198
22.5,H198
23.2,H198
23.9,H198
24.2,H198
24.3,H198
24.1,H198
23.4,H198
22.3,H198
20.6,H198
19.3,H198
18.3,H198
17.4,H198
16.8,H198
16.3,H198
15.8,H198
15.3,H198
15,H198
14.7,H198
14.4,H198
15.1,H198
16.9,H198
18.7,H198
20.3,H198
21.6,H198
22.7,H198
23.4,H198
24.1,H198
24.3,H198
24.4,H198
24.2,H198
23.6,H198
22.4,H198
20.7,H198
19.5,H198
18.4,H198
17.7,H198
17,H198
16.4,H198
15.9,H198
15.5,H198
15.2,H198
14.9,H198
14.6,H198
15.3,H198
17.1,H198
18.9,H198
20.5,H198
21.8,H198
22.8,H198
23.6,H198
24.2,H198
24.4,H198
24.6,H198
24.3,H198
23.7,H198
22.6,H198
20.9,H198
19.6,H198
18.6,H198
17.8,H198
17.2,H198
16.6,H198
16.1,H198
15.7,H198
15.3,H198
15.1,H198
14.7,H198
15.5,H198
17.3,H198
19.1,H198
20.7,H198
21.9,H198
23,H198
23.7,H198
24.3,H198
24.6,H198
24.7,H198
24.5,H198
23.8,H198
22.7,H198
21,H198
19.8,H198
18.7,H198
17.9,H198
17.2,H198
16.7,H198
16.2,H198
15.8,H198
15.4,H198
15.2,H198
14.8,H198
15.6,H198
17.4,H198
19.2,H198
20.8,H198
22.1,H198
23.1,H198
23.8,H198
24.4,H198
24.7,H198
24.8,H198
24.6,H198
24,H198
22.8,H198
21.2,H198
19.9,H198
18.9,H198
18.1,H198
17.4,H198
16.8,H198
16.3,H198
15.9,H198
15.6,H198
15.3,H198
15,H198
15.8,H198
17.6,H198
19.4,H198
21,H198
22.3,H198
23.3,H198
24,H198
24.6,H198
24.8,H198
25,H198
24.8,H198
24.1,H198
23,H198
21.3,H198
20,H198
19,H198
18.2,H198
17.5,H198
16.9,H198
16.4,H198
16,H198
15.7,H198
15.4,H198
15.1,H198
15.9,H198
17.7,H198
19.6,H198
21.2,H198
22.5,H198
23.5,H198
24.2,H198
24.8,H198
25.1,H198
25.3,H198
25,H198
24.3,H198
23.2,H198
21.5,H198
20.2,H198
19.2,H198
18.4,H198
17.7,H198
17.2,H198
16.7,H198
16.2,H198
15.8,H198
15.6,H198
15.2,H198
16.1,H198
17.9,H198
19.8,H198
21.4,H198
22.7,H198
23.7,H198
24.4,H198
24.9,H198
25.3,H198
25.4,H198
25.2,H198
24.5,H198
23.3,H198
21.6,H198
20.4,H198
19.3,H198
18.5,H198
17.8,H198
17.3,H198
16.8,H198
16.3,H198
16,H198
15.7,H198
15.4,H198
16.3,H198
18.1,H198
19.9,H198
21.5,H198
22.8,H198
23.8,H198
24.5,H198
25.1,H198
25.4,H198
25.5,H198
25.2,H198
24.6,H198
23.4,H198
21.7,H198
20.4,H198
19.4,H198
18.6,H198
17.9,H198
17.4,H198
16.9,H198
16.4,H198
16.1,H198
15.8,H198
15.5,H198
16.4,H198
18.2,H198
20,H198
21.6,H198
22.9,H198
23.8,H198
24.6,H198
25.1,H198
25.5,H198
25.6,H198
25.3,H198
24.7,H198
23.5,H198
21.8,H198
20.6,H198
19.5,H198
18.7,H198
18.1,H198
17.5,H198
17,H198
16.5,H198
16.2,H198
15.8,H198
15.5,H198
16.5,H198
18.3,H198
20.1,H198
21.7,H198
23,H198
23.9,H198
24.7,H198
25.2,H198
25.6,H198
25.7,H198
25.4,H198
24.8,H198
23.6,H198
21.9,H198
20.6,H198
19.6,H198
18.8,H198
18.1,H198
17.6,H198
17.1,H198
16.6,H198
16.2,H198
15.9,H198
15.6,H198
16.6,H198
18.4,H198
20.2,H198
21.8,H198
23.1,H198
24.1,H198
24.8,H198
25.3,H198
25.7,H198
25.8,H198
25.6,H198
24.9,H198
23.8,H198
22.1,H198
20.7,H198
19.7,H198
18.9,H198
18.2,H198
17.7,H198
17.2,H198
16.7,H198
16.3,H198
16,H198
15.7,H198
16.7,H198
18.6,H198
20.4,H198
22,H198
23.3,H198
24.2,H198
24.9,H198
25.5,H198
25.9,H198
25.9,H198
25.7,H198
25.1,H198
23.9,H198
22.2,H198
20.9,H198
19.8,H198
19,H198
18.3,H198
17.8,H198
17.3,H198
16.8,H198
16.5,H198
16.1,H198
15.9,H198
16.9,H198
18.7,H198
20.5,H198
22.2,H198
23.5,H198
24.4,H198
25.1,H198
25.7,H198
26,H198
26.1,H198
25.8,H198
25.2,H198
24.1,H198
22.3,H198
21,H198
20,H198
19.2,H198
18.5,H198
18,H198
17.5,H198
17,H198
16.7,H198
16.3,H198
16.1,H198
17.2,H198
18.9,H198
20.7,H198
22.3,H198
23.6,H198
24.5,H198
25.3,H198
25.8,H198
26.1,H198
26.2,H198
25.9,H198
25.3,H198
24.2,H198
22.6,H198
21.2,H198
20.2,H198
19.4,H198
18.7,H198
16.5,H247
18.4,H247
19.9,H247
21.1,H247
22.1,H247
22.7,H247
22.9,H247
22.7,H247
21.9,H247
20.4,H247
17.9,H247
15.9,H247
14.6,H247
13.6,H247
12.8,H247
11.6,H247
11.1,H247
10.7,H247
10.3,H247
10.1,H247
10.3,H247
12.4,H247
14.6,H247
16.7,H247
18.6,H247
20.2,H247
21.3,H247
22.3,H247
22.9,H247
23.2,H247
22.9,H247
22.1,H247
20.6,H247
18.1,H247
16.1,H247
14.7,H247
13.7,H247
12.9,H247
11.6,H247
11.2,H247
10.8,H247
10.4,H247
10.1,H247
10.4,H247
12.6,H247
14.7,H247
16.8,H247
18.7,H247
20.3,H247
21.5,H247
22.4,H247
23.1,H247
23.3,H247
23.1,H247
22.2,H247
20.7,H247
18.2,H247
16.2,H247
14.7,H247
13.8,H247
13,H247
11.7,H247
11.3,H247
10.9,H247
10.5,H247
10.2,H247
10.5,H247
12.7,H247
14.8,H247
16.9,H247
18.8,H247
20.4,H247
21.7,H247
22.6,H247
23.3,H247
23.6,H247
23.3,H247
22.5,H247
20.9,H247
18.4,H247
16.3,H247
14.9,H247
13.9,H247
13.1,H247
11.8,H247
11.3,H247
10.9,H247
10.6,H247
10.3,H247
10.6,H247
12.8,H247
15.1,H247
17.2,H247
19.1,H247
20.7,H247
21.9,H247
22.9,H247
23.6,H247
23.9,H247
23.6,H247
22.8,H247
21.2,H247
18.6,H247
16.5,H247
15.1,H247
14.1,H247
13.3,H247
11.9,H247
11.4,H247
11.1,H247
10.7,H247
10.4,H247
10.8,H247
13,H247
15.2,H247
17.3,H247
19.3,H247
20.9,H247
22.1,H247
23.1,H247
23.8,H247
24.1,H247
23.8,H247
22.9,H247
21.4,H247
18.8,H247
16.7,H247
15.2,H247
14.2,H247
13.3,H247
12.1,H247
11.6,H247
11.2,H247
10.8,H247
10.4,H247
10.8,H247
13.1,H247
15.3,H247
17.5,H247
19.4,H247
21.1,H247
22.3,H247
23.3,H247
24,H247
24.2,H247
23.9,H247
23.1,H247
21.6,H247
18.9,H247
16.8,H247
15.3,H247
14.2,H247
13.4,H247
12.1,H247
11.6,H247
11.2,H247
10.8,H247
10.4,H247
10.9,H247
13.2,H247
15.4,H247
17.6,H247
19.6,H247
21.2,H247
22.4,H247
23.4,H247
24.1,H247
24.4,H247
24.1,H247
23.2,H247
21.6,H247
19,H247
16.8,H247
15.3,H247
14.2,H247
13.4,H247
12.1,H247
11.7,H247
11.3,H247
10.9,H247
10.6,H247
11.1,H247
13.3,H247
15.5,H247
17.7,H247
19.7,H247
21.3,H247
22.6,H247
23.6,H247
24.2,H247
24.5,H247
24.2,H247
23.3,H247
21.7,H247
19.1,H247
16.8,H247
15.4,H247
14.3,H247
13.5,H247
12.2,H247
11.7,H247
11.3,H247
10.9,H247
10.6,H247
11.2,H247
13.4,H247
15.6,H247
17.8,H247
19.8,H247
21.4,H247
22.7,H247
23.8,H247
24.4,H247
24.7,H247
24.4,H247
23.6,H247
21.9,H247
19.2,H247
16.9,H247
15.4,H247
14.3,H247
13.6,H247
12.2,H247
11.7,H247
11.3,H247
10.9,H247
10.6,H247
11.2,H247
13.5,H247
15.7,H247
17.9,H247
19.9,H247
21.6,H247
22.9,H247
23.9,H247
24.7,H247
24.9,H247
24.6,H247
23.8,H247
22.1,H247
19.4,H247
17.1,H247
15.6,H247
14.5,H247
13.7,H247
12.3,H247
11.8,H247
11.4,H247
11.1,H247
10.8,H247
11.4,H247
13.7,H247
15.9,H247
18.1,H247
20.1,H247
21.7,H247
23.1,H247
24.1,H247
24.8,H247
25.1,H247
24.8,H247
23.9,H247
22.2,H247
19.6,H247
17.2,H247
15.7,H247
14.6,H247
13.8,H247
12.4,H247
11.9,H247
11.6,H247
11.2,H247
10.8,H247
11.5,H247
13.8,H247
16,H247
18.2,H247
20.2,H247
21.9,H247
23.2,H247
24.3,H247
25,H247
25.3,H247
25,H247
24.1,H247
22.4,H247
19.7,H247
17.3,H247
15.8,H247
14.7,H247
13.8,H247
12.5,H247
12,H247
11.6,H247
11.2,H247
10.9,H247
11.6,H247
13.9,H247
16.1,H247
18.3,H247
20.3,H247
22,H247
23.3,H247
24.4,H247
25.1,H247
25.3,H247
25.1,H247
24.2,H247
22.4,H247
19.8,H247
17.4,H247
15.8,H247
14.7,H247
13.9,H247
12.6,H247
12.1,H247
11.6,H247
11.2,H247
10.9,H247
11.7,H247
13.9,H247
16.2,H247
18.3,H247
20.3,H247
22.1,H247
23.4,H247
24.4,H247
25.2,H247
25.4,H247
25.2,H247
24.3,H247
22.6,H247
19.9,H247
17.4,H247
15.9,H247
14.8,H247
14,H247
12.6,H247
12.1,H247
11.7,H247
11.3,H247
11,H247
11.8,H247
14,H247
16.3,H247
18.4,H247
20.4,H247
22.2,H247
23.6,H247
24.6,H247
25.3,H247
25.5,H247
25.3,H247
24.3,H247
22.7,H247
20,H247
17.6,H247
16,H247
14.9,H247
14.1,H247
12.7,H247
12.2,H247
11.8,H247
11.3,H247
11.1,H247
11.8,H247
14.1,H247
16.4,H247
18.6,H247
20.6,H247
22.2,H247
23.6,H247
24.6,H247
25.4,H247
25.6,H247
25.4,H247
24.5,H247
22.8,H247
20.1,H247
17.7,H247
16.1,H247
14.9,H247
14.1,H247
12.8,H247
12.2,H247
11.8,H247
11.4,H247
11.1,H247
12,H247
14.2,H247
16.5,H247
18.7,H247
20.7,H247
22.4,H247
23.7,H247
24.8,H247
25.6,H247
25.8,H247
25.6,H247
24.7,H247
23,H247
20.3,H247
17.8,H247
16.2,H247
15.1,H247
14.2,H247
12.9,H247
12.3,H247
11.9,H247
11.5,H247
11.2,H247
12.1,H247
14.3,H247
16.6,H247
18.8,H247
20.8,H247
22.6,H247
23.9,H247
24.9,H247
25.7,H247
25.9,H247
25.8,H247
24.8,H247
23.1,H247
20.4,H247
17.9,H247
16.3,H247
15.1,H247
14.3,H247
13,H247
12.5,H247
12.1,H247
11.6,H247
11.3,H247
12.3,H247
14.4,H247
16.7,H247
18.9,H247
20.9,H247
22.7,H247
24.1,H247
25.1,H247
25.8,H247
26.1,H247
25.9,H247
25,H247
23.3,H247
20.6,H247
18,H247
16.4,H247
15.2,H247
14.4,H247
13.1,H247
12.6,H247
12.2,H247
11.7,H247
11.4,H247
12.4,H247
14.6,H247
16.8,H247
19,H247
21,H247
22.8,H247
24.2,H247
25.2,H247
26,H247
26.3,H247
26.1,H247
25.1,H247
23.4,H247
20.7,H247
18.1,H247
16.5,H247
15.3,H247
14.4,H247
13.2,H247
12.7,H247
12.3,H247
11.8,H247
11.6,H247
12.5,H247
14.6,H247
16.9,H247
19.1,H247
21.1,H247
22.9,H247
24.3,H247
25.3,H247
26.1,H247
26.4,H247
26.1,H247
25.2,H247
23.4,H247
20.8,H247
18.2,H247
16.6,H247
15.4,H247
14.6,H247
13.3,H247
12.8,H247
12.3,H247
11.9,H247
11.7,H247
12.6,H247
14.7,H247
16.9,H247
19.1,H247
21.2,H247
22.9,H247
24.3,H247
25.4,H247
26.2,H247
26.4,H247
26.2,H247
25.2,H247
23.4,H247
20.8,H247
18.2,H247
16.6,H247
15.4,H247
14.7,H247
13.4,H247
12.9,H247
12.4,H247
12,H247
11.7,H247
12.7,H247
14.7,H247
17,H247
19.2,H247
21.2,H247
22.9,H247
24.3,H247
25.4,H247
26.2,H247
26.5,H247
26.2,H247
25.2,H247
23.6,H247
20.9,H247
18.3,H247
16.7,H247
15.6,H247
14.7,H247
13.5,H247
12.9,H247
12.6,H247
12.1,H247
11.8,H247
12.8,H247
14.8,H247
17.1,H247
19.2,H247
21.2,H247
23,H247
24.4,H247
25.4,H247
26.3,H247
26.5,H247
26.2,H247
25.2,H247
23.6,H247
20.9,H247
18.3,H247
16.7,H247
15.6,H247
14.7,H247
13.5,H247
13,H247
12.6,H247
12.1,H247
11.9,H247
12.8,H247
14.9,H247
17.1,H247
19.3,H247
21.2,H247
22.9,H247
24.4,H247
25.4,H247
26.3,H247
26.5,H247
26.2,H247
25.3,H247
23.6,H247
21,H247
18.3,H247
16.7,H247
15.6,H247
14.7,H247
13.5,H247
13,H247
12.6,H247
12.1,H247
11.8,H247
12.8,H247
14.9,H247
17.2,H247
19.3,H247
21.3,H247
23.1,H247
24.5,H247
25.6,H247
26.4,H247
26.7,H247
26.4,H247
25.4,H247
23.7,H247
21.1,H247
18.4,H247
16.8,H247
15.6,H247
14.8,H247
13.6,H247
13.1,H247
12.7,H247
12.2,H247
11.9,H247
13,H247
15.1,H247
17.3,H247
19.4,H247
21.4,H247
23.1,H247
24.6,H247
25.7,H247
26.5,H247
26.8,H247
26.6,H247
25.6,H247
23.8,H247
21.3,H247
18.6,H247
16.9,H247
15.7,H247
14.9,H247
13.7,H247
13.2,H247
12.8,H247
12.4,H247
12.1,H247
13.1,H247
15.2,H247
17.4,H247
19.6,H247
21.5,H247
23.3,H247
24.7,H247
25.8,H247
26.7,H247
26.9,H247
26.7,H247
25.7,H247
24,H247
21.4,H247
18.7,H247
17,H247
15.8,H247
14.9,H247
13.8,H247
13.3,H247
12.9,H247
12.4,H247
12.2,H247
13.2,H247
15.3,H247
17.5,H247
19.7,H247
21.6,H247
23.4,H247
24.9,H247
25.9,H247
26.8,H247
27.1,H247
26.9,H247
25.9,H247
24.1,H247
21.6,H247
18.8,H247
17.1,H247
15.9,H247
15.1,H247
13.8,H247
13.4,H247
13,H247
12.6,H247
12.3,H247
13.3,H247
15.3,H247
17.6,H247
19.7,H247
21.7,H247
23.6,H247
25,H247
26.1,H247
27,H247
27.3,H247
27.1,H247
26.1,H247
24.2,H247
21.7,H247
18.9,H247
17.2,H247
15.9,H247
15.1,H247
13.9,H247
13.5,H247
13.1,H247
12.7,H247
12.4,H247
13.4,H247
15.4,H247
17.7,H247
19.8,H247
21.8,H247
23.6,H247
25.1,H247
26.2,H247
27.1,H247
27.4,H247
27.2,H247
26.2,H247
24.3,H247
21.7,H247
19,H247
17.3,H247
16.1,H247
15.2,H247
14,H247
13.6,H247
13.2,H247
12.8,H247
12.4,H247
13.5,H247
15.5,H247
17.7,H247
19.9,H247
21.9,H247
23.7,H247
25.2,H247
26.4,H247
27.2,H247
27.5,H247
27.2,H247
26.2,H247
24.4,H247
21.8,H247
19.1,H247
17.3,H247
16.2,H247
15.3,H247
14.1,H247
13.7,H247
13.3,H247
12.8,H247
12.6,H247
13.6,H247
15.6,H247
17.8,H247
19.9,H247
21.9,H247
23.7,H247
25.2,H247
26.3,H247
27.2,H247
27.5,H247
27.2,H247
26.2,H247
24.3,H247
21.8,H247
19.1,H247
17.4,H247
16.2,H247
15.3,H247
14.1,H247
13.7,H247
13.2,H247
12.8,H247
12.5,H247
13.6,H247
15.6,H247
17.8,H247
19.9,H247
21.9,H247
23.7,H247
25.3,H247
26.4,H247
27.2,H247
27.5,H247
27.2,H247
26.2,H247
24.4,H247
21.9,H247
19.2,H247
17.4,H247
16.2,H247
15.4,H247
14.2,H247
13.7,H247
13.3,H247
12.9,H247
12.6,H247
13.7,H247
15.7,H247
17.9,H247
20.1,H247
22.1,H247
23.8,H247
25.4,H247
26.5,H247
27.3,H247
27.6,H247
27.4,H247
26.4,H247
24.6,H247
22.1,H247
19.3,H247
17.5,H247
16.3,H247
15.4,H247
14.3,H247
13.8,H247
13.4,H247
12.9,H247
12.7,H247
13.8,H247
15.8,H247
18.1,H247
20.2,H247
22.2,H247
23.9,H247
25.5,H247
26.7,H247
27.5,H247
27.8,H247
27.6,H247
26.6,H247
24.8,H247
22.2,H247
19.4,H247
17.7,H247
16.4,H247
15.6,H247
14.3,H247
13.9,H247
13.6,H247
13.1,H247
12.8,H247
13.9,H247
15.9,H247
18.2,H247
20.3,H247
22.4,H247
24.2,H247
25.7,H247
26.8,H247
27.7,H247
28,H247
27.8,H247
26.8,H247
24.9,H247
22.4,H247
19.6,H247
17.8,H247
16.5,H247
15.7,H247
14.4,H247
14,H247
13.6,H247
13.2,H247
12.9,H247
14,H247
16.1,H247
18.3,H247
20.5,H247
22.6,H247
24.3,H247
25.8,H247
26.9,H247
27.8,H247
28.1,H247
27.9,H247
26.9,H247
25.1,H247
22.5,H247
19.7,H247
17.8,H247
16.6,H247
15.7,H247
14.5,H247
14.1,H247
13.7,H247
13.3,H247
12.9,H247
14.1,H247
16.1,H247
18.4,H247
20.6,H247
22.7,H247
24.4,H247
26,H247
27.1,H247
27.9,H247
28.3,H247
28.1,H247
27.1,H247
25.3,H247
22.7,H247
19.9,H247
18,H247
16.8,H247
15.9,H247
14.6,H247
14.2,H247
13.8,H247
13.4,H247
13.1,H247
14.2,H247
16.3,H247
18.6,H247
20.8,H247
22.8,H247
24.7,H247
26.2,H247
27.3,H247
28.2,H247
28.5,H247
28.3,H247
27.3,H247
25.6,H247
23,H247
20.1,H247
18.2,H247
16.9,H247
16.1,H247
14.8,H247
14.3,H247
13.9,H247
13.5,H247
13.2,H247
14.4,H247
16.4,H247
18.7,H247
20.9,H247
23,H247
24.8,H247
26.3,H247
27.4,H247
28.3,H247
28.7,H247
28.5,H247
27.5,H247
25.7,H247
23.2,H247
20.3,H247
18.3,H247
17.1,H247
16.2,H247
14.9,H247
14.4,H247
14,H247
13.6,H247
13.3,H247
14.4,H247
16.5,H247
18.8,H247
21.1,H247
23.1,H247
24.9,H247
26.4,H247
27.6,H247
28.4,H247
28.8,H247
28.6,H247
27.6,H247
25.9,H247
23.3,H247
20.4,H247
18.4,H247
17.2,H247
16.2,H247
14.9,H247
14.5,H247
14.1,H247
13.6,H247
13.3,H247
14.5,H247
16.6,H247
18.9,H247
21.1,H247
23.2,H247
25.1,H247
26.6,H247
27.8,H247
28.6,H247
28.9,H247
28.8,H247
27.8,H247
26.1,H247
23.4,H247
20.5,H247
18.6,H247
17.3,H247
16.4,H247
15,H247
14.6,H247
14.1,H247
13.7,H247
8000,M1
8350,M1
8570,M1
7700,M1
7080,M1
6520,M1
6070,M1
6650,M1
6830,M1
5710,M1
5260,M1
5470,M1
7870,M1
7360,M1
8470,M1
7880,M1
6750,M1
6860,M1
6220,M1
6650,M1
5450,M1
5280,M1
4970,M1
5550,M1
7750,M1
7760,M1
7190,M1
7440,M1
6590,M1
6210,M1
6010,M1
6390,M1
5780,M1
5700,M1
4680,M1
4970,M1
6850,M1
6740,M1
7490,M1
6250,M1
6900,M1
5870,M1
5610,M1
6310,M1
6110,M1
6090,M1
5810,M1
6060,M1
6950,M1
7820,M1
8270,M1
7840,M1
7850,M1
6710,M1
6220,M1
7430,M1
6560,M1
7080,M1
6680,M1
6900,M1
8680,M1
8450,M1
8670,M1
8470,M1
7910,M1
8140,M1
7310,M1
7860,M1
7730,M1
7330,M1
7430,M1
7150,M1
8720,M1
8340,M1
8840,M1
8780,M1
8250,M1
8180,M1
7570,M1
9280,M1
9220,M1
9140,M1
8950,M1
8540,M1
9360,M1
9750,M1
9270,M1
8690,M1
8200,M1
7610,M1
7160,M1
8280,M1
7370,M1
7130,M1
6840,M1
7260,M1
7430,M1
7950,M1
7790,M1
8090,M1
7480,M1
6700,M1
6650,M1
6960,M1
6410,M1
6310,M1
5930,M1
5980,M1
6730,M1
7410,M1
7200,M1
6960,M1
6780,M1
5720,M1
6040,M1
5990,M1
6210,M1
6460,M1
5490,M1
5790,M1
6350,M1
6230,M1
5940,M1
6400,M1
6610,M1
5840,M1
5350,M1
6160,M1
6260,M1
5760,M1
5450,M1
5350,M1
6230,M1
6520,M1
7230,M1
6500,M1
6230,M1
5960,M1
4970,M1
5350,M1
4840,M1
4710,M1
4670,M1
4670,M1
5190,M1
5800,M1
6120,M1
5140,M1
4670,M1
4190,M1
4430,M1
4840,M1
4660,M1
4350,M1
4390,M1
4790,M1
5510,M1
5760,M1
5780,M1
5470,M1
5020,M1
4770,M1
4330,M1
4330,M1
4270,M1
3820,M1
3550,M1
4390,M1
5760,M1
6030,M1
6140,M1
5830,M1
5420,M1
5160,M1
4620,M1
5420,M1
5600,M1
5920,M1
5190,M1
5640,M1
5700,M1
6110,M1
7290,M1
7260,M1
7040,M1
6100,M1
6110,M1
7090,M1
7070,M1
6150,M1
5630,M1
6210,M1
7250,M1
7480,M1
7580,M1
7610,M1
5970,M1
7100,M1
6100,M1
7040,M1
7060,M1
6270,M1
5670,M1
5600,M1
7190,M1
7590,M1
7310,M1
5950,M1
6220,M1
5680,M1
5450,M1
7160,M1
6110,M1
6940,M1
5660,M1
5770,M1
8050,M1
7450,M1
8190,M1
6590,M1
5920,M1
4620,M1
5320,M1
6060,M1
5300,M1
5020,M1
5010,M1
4640,M1
6980,M1
6090,M1
7000,M1
5370,M1
5230,M1
5140,M1
4570,M1
5360,M1
5300,M1
4640,M1
4740,M1
5250,M1
6350,M1
6860,M1
6360,M1
5660,M1
5270,M1
4910,M1
5160,M1
5620,M1
5180,M1
4680,M1
3860,M1
3890,M1
6340,M1
6210,M1
6100,M1
4980,M1
4260,M1
3910,M1
3550,M1
4680,M1
4120,M1
4740,M1
3100,M1
3810,M1
4710,M1
5700,M1
5040,M1
4490,M1
3930,M1
3500,M1
3320,M1
4400,M1
4190,M1
3670,M1
3780,M1
4330,M1
5430,M1
5610,M1
5020,M1
4090,M1
3680,M1
3290,M1
3360,M1
4300,M1
4090,M1
3110,M1
2690,M1
3700,M1
6030,M1
5450,M1
5830,M1
4080,M1
3910,M1
3840,M1
3650,M1
4630,M1
2980,M1
3550,M1
3690,M1
3610,M1
5250,M1
5480,M1
5400,M1
4380,M1
4290,M1
4200,M1
4190,M1
4860,M1
5080,M1
4770,M1
4470,M1
4840,M1
5610,M1
6450,M1
5960,M1
5300,M1
4990,M1
4680,M1
4460,M1
5710,M1
4830,M1
5260,M1
4400,M1
4780,M1
7040,M1
7490,M1
7450,M1
5560,M1
5000,M1
5420,M1
5160,M1
5110,M1
4900,M1
5300,M1
4330,M1
4680,M1
5800,M1
7410,M1
6760,M1
5680,M1
5610,M1
5140,M1
4990,M1
5550,M1
4720,M1
4680,M1
4780,M1
4530,M1
6810,M1
6830,M1
6640,M1
5680,M1
5020,M1
4940,M1
3930,M1
4570,M1
4720,M1
4610,M1
4140,M1
4290,M1
5780,M1
6590,M1
5950,M1
3960,M1
4240,M1
4000,M1
3950,M1
4760,M1
4050,M1
4190,M1
4080,M1
4280,M1
5720,M1
7040,M1
6950,M1
5250,M1
4920,M1
4820,M1
4510,M1
4710,M1
3720,M1
4250,M1
3730,M1
4610,M1
6540,M1
7700,M1
7210,M1
5730,M1
5520,M1
5270,M1
5110,M1
6520,M1
5630,M1
5980,M1
5750,M1
7020,M1
9910,M1
11290,M1
11180,M1
9280,M1
7850,M1
7480,M1
7970,M1
9480,M1
8800,M1
8810,M1
7690,M1
7710,M1
9660,M1
11870,M1
12920,M1
10890,M1
9500,M1
9490,M1
9500,M1
10880,M1
9270,M1
8880,M1
7780,M1
8360,M1
12320,M1
13490,M1
12710,M1
10130,M1
9240,M1
9640,M1
8920,M1
8900,M1
8480,M1
7870,M1
7860,M1
8990,M1
10790,M1
11820,M1
10590,M1
9430,M1
9070,M1
8250,M1
8740,M1
9120,M1
8280,M1
7860,M1
7150,M1
8110,M1
10860,M1
10730,M1
9610,M1
8270,M1
9200,M1
6660,M1
8720,M1
7790,M1
4770,M1
5060,M1
4720,M1
4450,M1
5120,M1
5960,M1
6560,M1
4900,M1
4520,M1
7370,M1
9050,M1
7780,M1
5380,M1
4700,M1
4490,M1
4010,M1
3348.25894,M25523
3806.87209,M25523
3541.08009,M25523
3364.85966,M25523
3489.85425,M25523
3323.04948,M25523
3478.13483,M25523
3699.59595,M25523
3400.1635,M25523
3722.34387,M25523
3425.47817,M25523
3157.17221,M25523
3086.44627,M25523
3270.71386,M25523
3377.02819,M25523
3383.10748,M25523
3218.39212,M25523
3529.71605,M25523
3290.89526,M25523
3460.67243,M25523
3530.89675,M25523
3829.75922,M25523
3628.33636,M25523
3040.14376,M25523
3506.31344,M25523
3927.56759,M25523
3702.04908,M25523
3752.61806,M25523
3763.08439,M25523
3739.62688,M25523
4032.96167,M25523
4100.38766,M25523
3795.71994,M25523
3874.37882,M25523
3464.99235,M25523
2933.8664,M25523
3277.53088,M25523
3577.0613,M25523
3679.30324,M25523
3662.7223,M25523
3392.74068,M25523
3392.7642,M25523
3643.38582,M25523
3905.47718,M25523
3602.32206,M25523
3350.47025,M25523
3183.70745,M25523
2964.43051,M25523
3220.04636,M25523
3515.87355,M25523
3317.08522,M25523
3590.50001,M25523
2974.17807,M25523
3617.56434,M25523
3598.06778,M25523
3712.63555,M25523
3411.91047,M25523
3645.68142,M25523
3697.87544,M25523
3353.94346,M25523
3387.15474,M25523
3853.55772,M25523
3706.768,M25523
3637.40644,M25523
3690.4527,M25523
3184.19181,M25523
3392.17913,M25523
3422.34323,M25523
3630.56488,M25523
3839.02057,M25523
3445.3735,M25523
3226.89711,M25523
3145.44713,M25523
3558.01024,M25523
3864.30251,M25523
4007.43698,M25523
3841.08046,M25523
3818.36028,M25523
3748.51193,M25523
3576.86698,M25523
3768.40345,M25523
3722.3573,M25523
3428.61292,M25523
3053.58075,M25523
3537.76652,M25523
3406.81226,M25523
3484.36319,M25523
3534.20313,M25523
3803.42623,M25523
3401.02975,M25523
3437.64177,M25523
3772.44808,M25523
3426.87112,M25523
3700.22572,M25523
3541.32751,M25523
3081.84025,M25523
3361.10154,M25523
3750.75914,M25523
3812.48999,M25523
3532.18229,M25523
3507.00615,M25523
3290.76801,M25523
3494.98316,M25523
3538.91167,M25523
3371.83303,M25523
3926.03262,M25523
3698.47811,M25523
3309.16044,M25523
3766.82588,M25523
3864.29746,M25523
3779.32786,M25523
3647.34626,M25523
3730.86137,M25523
3550.40505,M25523
3706.34521,M25523
3622.8101,M25523
3539.72042,M25523
4132.57729,M25523
3516.18989,M25523
3211.14483,M25523
3642.90004,M25523
3594.97735,M25523
3580.33087,M25523
3604.50934,M25523
3390.62797,M25523
3362.55462,M25523
3404.04573,M25523
3554.79445,M25523
3229.77356,M25523
3076.24188,M25523
3156.02168,M25523
2858.53457,M25523
2956.58057,M25523
2962.24119,M25523
3450.92462,M25523
3490.66397,M25523
3632.36377,M25523
3477.46964,M25523
3605.09335,M25523
4005.84127,M25523
3956.65286,M25523
3466.73896,M25523
3361.29945,M25523
3090.79464,M25523
3632.48426,M25523
3443.08358,M25523
3256.54878,M25523
3119.92807,M25523
3245.5202,M25523
2940.43313,M25523
3071.16375,M25523
3393.36283,M25523
3276.99583,M25523
3093.8449,M25523
3127.77302,M25523
2732.74007,M25523
3070.67416,M25523
3221.77,M25523
3109.76315,M25523
3136.50495,M25523
3299.17874,M25523
3435.61505,M25523
3435.98111,M25523
3807.87693,M25523
3689.2979,M25523
3612.13414,M25523
3627.74056,M25523
3616.62661,M25523
3751.38736,M25523
4095.0162,M25523
4004.78449,M25523
3906.19409,M25523
3893.64181,M25523
3825.99293,M25523
3706.61096,M25523
3816.63469,M25523
3437.93636,M25523
3811.56522,M25523
4038.78543,M25523
3824.44821,M25523
4115.09918,M25523
3821.14927,M25523
4540.73319,M25523
4446.26557,M25523
4126.07964,M25523
4210.98938,M25523
4100.27709,M25523
4211.33684,M25523
4088.45455,M25523
4248.61716,M25523
3926.31202,M25523
3610.34322,M25523
3724.75294,M25523
3902.74073,M25523
4509.88188,M25523
4245.5485,M25523
4124.08287,M25523
4120.5919,M25523
4319.7319,M25523
3819.89304,M25523
3970.35888,M25523
4018.50219,M25523
4254.90866,M25523
3558.77582,M25523
3892.48675,M25523
4135.65615,M25523
3911.2995,M25523
3666.18522,M25523
3839.85209,M25523
3970.19578,M25523
3735.85074,M25523
3809.82927,M25523
4026.2358,M25523
4392.60296,M25523
4227.2457,M25523
4052.38771,M25523
4307.31069,M25523
4102.19767,M25523
3864.07407,M25523
3853.04587,M25523
3895.64819,M25523
3568.48608,M25523
4021.08791,M25523
3865.50755,M25523
3623.36657,M25523
3475.4525,M25523
3546.42689,M25523
3608.08783,M25523
3499.16829,M25523
4068.23452,M25523
4010.59296,M25523
4287.23751,M25523
4420.29134,M25523
4080.84656,M25523
4212.17911,M25523
3939.67079,M25523
4042.0771,M25523
4445.27418,M25523
4001.11679,M25523
3779.77077,M25523
3486.85968,M25523
4127.35211,M25523
3436.35829,M25523
2992.92863,M25523
3771.483,M25523
3531.25687,M25523
4097.99733,M25523
3747.24797,M25523
3835.35843,M25523
3607.18481,M25523
4010.6949,M25523
3362.52082,M25523
3142.19755,M25523
3541.92598,M25523
3561.02067,M25523
3446.45924,M25523
3780.98233,M25523
3706.37871,M25523
3792.29465,M25523
3928.18908,M25523
4099.13744,M25523
4560.43718,M25523
3756.12941,M25523
3639.35101,M25523
3646.99934,M25523
4017.66403,M25523
3676.94089,M25523
4048.54513,M25523
4022.21043,M25523
3980.46117,M25523
4181.22647,M25523
3981.52906,M25523
3616.32588,M25523
3468.10162,M25523
3619.06063,M25523
3629.77818,M25523
3243.3854,M25523
4067.87906,M25523
4237.03465,M25523
4588.00479,M25523
4118.28237,M25523
4336.69084,M25523
4456.09136,M25523
4539.41287,M25523
4489.97586,M25523
4596.06568,M25523
4216.53449,M25523
3878.55258,M25523
4198.56249,M25523
4289.35283,M25523
4445.42801,M25523
4287.45035,M25523
4068.3983,M25523
4512.37372,M25523
4988.07559,M25523
5284.64096,M25523
5385.20771,M25523
5587.5138,M25523
5338.63967,M25523
5095.81812,M25523
4799.64955,M25523
5235.52918,M25523
4950.29794,M25523
5355.63451,M25523
5701.03455,M25523
5561.28396,M25523
4923.14267,M25523
5027.23065,M25523
4932.45914,M25523
4553.92891,M25523
4848.98761,M25523
4988.34815,M25523
5193.58253,M25523
5385.43996,M25523
5351.40682,M25523
5145.69602,M25523
4982.68127,M25523
4675.45445,M25523
4219.40475,M25523
4279.87021,M25523
4391.81831,M25523
4658.40529,M25523
4302.21068,M25523
4419.72484,M25523
4228.22998,M25523
5572.43983,M25523
5519.19985,M25523
5262.37499,M25523
5209.13907,M25523
5371.29206,M25523
5905.03579,M25523
5499.14674,M25523
5606.0594,M25523
4754.90076,M25523
4954.76329,M25523
4746.82952,M25523
4682.53859,M25523
6095.50322,M25523
6389.96093,M25523
6028.62927,M25523
6764.99922,M25523
6464.69395,M25523
5643.00904,M25523
5592.84391,M25523
5162.29916,M25523
5376.04407,M25523
5431.42354,M25523
4819.32478,M25523
5071.53179,M25523
4581.63208,M25523
4881.11949,M25523
4836.20832,M25523
5304.51626,M25523
4807.74181,M25523
4766.49628,M25523
5173.97058,M25523
4772.51327,M25523
4427.20783,M25523
5488.32877,M25523
5409.38556,M25523
5381.10808,M25523
6521.80819,M25523
7042.12652,M25523
6351.38996,M25523
5501.10043,M25523
5638.85384,M25523
6811.66008,M25523
7057.35217,M25523
6316.06078,M25523
5508.31354,M25523
6178.83791,M25523
5633.63182,M25523
6447.57584,M25523
7654.36997,M25523
7342.2625,M25523
7214.97871,M25523
6598.73534,M25523
7154.32702,M25523
7106.5392,M25523
6930.40493,M25523
8083.65729,M25523
7158.52834,M25523
7411.3834,M25523
7076.23368,M25523
6379.29636,M25523
7088.35742,M25523
6522.37627,M25523
6280.78043,M25523
6079.68785,M25523
6581.55488,M25523
6501.36296,M25523
6212.58263,M25523
7276.72538,M25523
6580.17813,M25523
6518.68544,M25523
6683.26615,M25523
6163.51676,M25523
6886.64698,M25523
7063.26027,M25523
6881.41639,M25523
6749.27028,M25523
6671.24924,M25523
5955.6953,M25523
6700.81025,M25523
6813.16516,M25523
6162.72459,M25523
5735.26149,M25523
6530.53074,M25523
5696.32632,M25523
6416.30232,M25523
6612.62113,M25523
6126.28918,M25523
6447.82741,M25523
6297.95911,M25523
6335.99225,M25523
6311.26459,M25523
6537.7593,M25523
6458.07707,M25523
6634.41104,M25523
5889.07119,M25523
6750.17465,M25523
6921.40205,M25523
7093.36929,M25523
8071.87696,M25523
7787.88476,M25523
6829.63149,M25523
6856.98808,M25523
6627.03169,M25523
7174.27065,M25523
6960.16428,M25523
7002.50981,M25523
6622.37332,M25523
6545.60349,M25523
7101.75435,M25523
7781.65722,M25523
7699.07684,M25523
6301.57096,M25523
6998.47356,M25523
7192.56377,M25523
6857.09668,M25523
6413.42129,M25523
5767.55395,M25523
5768.09875,M25523
5496.59067,M25523
5452.28382,M25523
5782.22438,M25523
5600.87978,M25523
5846.07282,M25523
5569.814,M25523
5621.24187,M25523
5774.23149,M25523
6525.84952,M25523
5790.59643,M25523
5090.52094,M25523
4587.58712,M25523
5274.29025,M25523
7405.92739,M25523
6198.40498,M25523
6590.96072,M25523
6184.03549,M25523
6758.08487,M25523
6797.57475,M25523
7188.99006,M25523
6958.25588,M25523
6556.61703,M25523
7076.48048,M25523
7735.30209,M25523
7240.08489,M25523
4262,Q23
4387.1,Q23
4503.4,Q23
4363.8,Q23
4242,Q23
4267,Q23
4375.5,Q23
4253.8,Q23
4194.2,Q23
4332.2,Q23
4426.7,Q23
4219.4,Q23
4203.1,Q23
4263.5,Q23
4297.5,Q23
4147.4,Q23
4027.1,Q23
4201.1,Q23
4391.2,Q23
4304.3,Q23
4276.2,Q23
4453,Q23
4613.9,Q23
4518.6,Q23
4408.1,Q23
4563.5,Q23
4695.6,Q23
4568.3,Q23
4508.6,Q23
4629.5,Q23
4745.4,Q23
4609.4,Q23
4559.9,Q23
4710.3,Q23
4854.1,Q23
4740.5,Q23
4660.6,Q23
4821.1,Q23
4949.2,Q23
4788.5,Q23
4752.4,Q23
4904.6,Q23
5026.3,Q23
4887.1,Q23
4871.9,Q23
4977,Q23
5077.6,Q23
4899.1,Q23
4759.9,Q23
4852.4,Q23
4953.6,Q23
4797.8,Q23
4691.5,Q23
4869,Q23
4955.2,Q23
4837.3,Q23
4716.7,Q23
4902.8,Q23
5009.9,Q23
4926.9,Q23
4788.9,Q23
5007.7,Q23
5152.6,Q23
5047.8,Q23
5007,Q23
5141.8,Q23
5222.8,Q23
5117.3,Q23
5038.8,Q23
5214,Q23
5300,Q23
5205.3,Q23
5160.4,Q23
5332.9,Q23
5449.1,Q23
5345.5,Q23
5279.1,Q23
5462.5,Q23
5537.8,Q23
5445.9,Q23
5405.4,Q23
5518.5,Q23
5619.9,Q23
5528.6,Q23
5582.5,Q23
5726.9,Q23
5830.5,Q23
5702.8,Q23
5627,Q23
5684.2,Q23
5792.2,Q23
5630.5,Q23
5521.7,Q23
5673,Q23
5740.2,Q23
5602.9,Q23
5516.2,Q23
5611.1,Q23
5717.5,Q23
5645.9,Q23
5588.8,Q23
5703.4,Q23
5789.8,Q23
5718.3,Q23
5671.9,Q23
5824.2,Q23
5993,Q23
5936.1,Q23
6063.8,Q23
6197.4,Q23
6101.3,Q23
6063.9,Q23
6204.5,Q23
6310.4,Q23
512.6,Q9839
448.9,Q9839
536.5,Q9839
543.9,Q9839
535.7,Q9839
538.2,Q9839
520.2,Q9839
513.7,Q9839
510.9,Q9839
485.9,Q9839
436.3,Q9839
439.3,Q9839
451.5,Q9839
442.5,Q9839
437.3,Q9839
453.4,Q9839
502.5,Q9839
264.4,Q9839
357.8,Q9839
395.5,Q9839
434.4,Q9839
519.4,Q9839
681.1,Q9839
737.3,Q9839
696,Q9839
837.8,Q9839
753.9,Q9839
775.8,Q9839
885.3,Q9839
951.2,Q9839
1004.9,Q9839
1078,Q9839
1190.4,Q9839
1389.2,Q9839
1547.2,Q9839
1661.5,Q9839
2056.3,Q9839
2313.6,Q9839
2441.1,Q9839
2709.8,Q9839
2759.3,Q9839
2918,Q9839
3236.3,Q9839
3572.7,Q9839
3721.7,Q9839
3845.9,Q9839
4191.9,Q9839
4380.1,Q9839
4634.2,Q9839
5108.3,Q9839
5570.1,Q9839
5690.5,Q9839
5901.7,Q9839
5740.6,Q9839
6514.1,Q9839
6928.4,Q9839
6818.3,Q9839
6759.1,Q9839
6830.2,Q9839
6722.8,Q9839
6956.4,Q9839
7553.6,Q9839
7572.1,Q9839
7915.6,Q9839
7982.3,Q9839
8027.2,Q9839
8284.3,Q9839
8630.7,Q9839
8858,Q9839
9224.5,Q9839
9549.8,Q9839
10151.2,Q9839
10121.3,Q9839
10581.1,Q9839
11269.8,Q9839
11689.4,Q9839
11875.6,Q9839
12338.5,Q9839
11973.9,Q9839
10698.2,Q9839
9997.5,Q9839
9421.5,Q9839
8090.1,Q9839
7563.3,Q9839
7904.9,Q9839
9574.1,Q9839
10583.1,Q9839
11266.4,Q9839
10867.1,Q9839
11072.5,Q9839
11177.9,Q9839
11371.8,Q9839
10852.8,Q9839
10196.9,Q9839
9703.6,Q9839
9771.5,Q9839
9368.7,Q9839
8705.2,Q9839
8925.4,Q9839
9353.4,Q9839
9138.7,Q9839
9681.9,Q9839
9966.1,Q9839
10180.9,Q9839
9996.8,Q9839
10419.9,Q9839
10728.2,Q9839
11372.1,Q9839
10801.2,Q9839
10585.6,Q9839
10968.1,Q9839
10832.6,Q9839
10686.9,Q9839
11016.1,Q9839
2433.5,W33
2341.7,W33
2333,W33
2346.6,W33
2196.9,W33
2229.9,W33
2244.5,W33
2008.2,W33
2653,W33
2292.2,W33
2339.7,W33
2172.6,W33
2096.7,W33
2024.6,W33
2059.5,W33
1947.7,W33
2302.2,W33
2257.2,W33
2188.4,W33
2080,W33
3174.3,W33
2633.6,W33
2442.2,W33
2227.3,W33
2120.5,W33
2129,W33
2048.6,W33
1875.2,W33
1851.7,W33
1938.4,W33
2139.8,W33
1915.8,W33
1884.8,W33
1972.4,W33
2305.8,W33
1911.2,W33
1996.6,W33
1990.5,W33
2322.4,W33
2224.6,W33
2463,W33
2280.6,W33
3057.8,W33
2767.8,W33
2488.5,W33
3318.4,W33
3764.9,W33
4908.8,W33
4188.4,W33
2441.8,W33
3055.9,W33
2897.6,W33
2142.1,W33
2055.7,W33
1963.3,W33
1968.9,W33
1797.1,W33
1748,W33
1651.6,W33
1867.9,W33
2467.7,W33
2080,W33
1685,W33
1979.5,W33
1852.8,W33
1647.9,W33
1635.6,W33
1534.6,W33
1851.5,W33
1830.6,W33
1841.7,W33
1677.7,W33
2367.3,W33
2290.1,W33
2097.6,W33
1719.4,W33
1649.7,W33
1602.8,W33
1447.1,W33
1394.2,W33
1433.9,W33
1482.4,W33
1272.8,W33
1462.7,W33
1370.7,W33
1419.8,W33
1718.8,W33
1406.3,W33
1478.2,W33
1605.2,W33
1692.5,W33
1749.7,W33
2146.7,W33
1950.5,W33
2564.3,W33
2376.8,W33
2054.6,W33
3069.7,W33
3319.4,W33
3879.7,W33
3756.1,W33
2372.8,W33
2430.9,W33
2404.3,W33
2188.7,W33
1685,W33
1774.7,W33
1744.7,W33
1741,W33
1596.6,W33
1558.3,W33
1571.5,W33
2030.1,W33
1746.9,W33
1560.5,W33
1424.5,W33
1523.4,W33
1484.2,W33
1577,W33
1715.1,W33
1485.9,W33
1745.5,W33
1541.7,W33
1515.1,W33
1537.4,W33
2093.6,W33
2221.8,W33
1715,W33
1588.3,W33
1540.4,W33
1375.3,W33
1359.7,W33
1274,W33
1259.4,W33
1200.2,W33
1290.7,W33
1210.8,W33
1243.9,W33
1574.5,W33
1322.1,W33
1425.1,W33
1448.6,W33
1758.7,W33
1808.8,W33
1491.7,W33
1740.1,W33
2326.5,W33
2313.3,W33
2158.2,W33
2584.4,W33
4273.6,W33
3504.5,W33
3322.4,W33
2083.1,W33
2075.9,W33
2008,W33
2010.7,W33
1890.2,W33
1694.1,W33
1729.5,W33
1831,W33
1670.3,W33
1548.2,W33
1634.4,W33
2145.1,W33
1593.6,W33
1417.9,W33
1508.7,W33
1781.2,W33
1953.5,W33
1900,W33
1637.3,W33
1495.5,W33
1869.8,W33
2051.9,W33
1873.4,W33
1853.7,W33
2573.8,W33
2352.7,W33
1856,W33
1729.1,W33
1793.8,W33
1544.6,W33
1506.1,W33
1468.5,W33
1566.9,W33
1465.6,W33
1531.3,W33
1558.1,W33
1617,W33
1980.8,W33
1551.8,W33
2096.5,W33
2021.5,W33
2081.8,W33
1793.6,W33
2237.6,W33
2447,W33
2742.3,W33
2639.5,W33
2577.1,W33
3357.5,W33
4216.1,W33
3258.1,W33
3941.6,W33
2519.7,W33
2367.1,W33
2358.6,W33
2300.5,W33
2064.4,W33
1949.5,W33
2136.1,W33
2142.2,W33
1913,W33
1835.4,W33
1816,W33
2448.2,W33
2107.3,W33
1867.5,W33
1748.5,W33
1894.5,W33
1778,W33
1801.4,W33
1855.2,W33
1782.9,W33
2153.2,W33
2022,W33
1969.3,W33
1856.1,W33
2838.5,W33
2615,W33
2077.7,W33
1873.3,W33
1898.1,W33
1855.3,W33
1675.4,W33
1957.1,W33
1988.6,W33
1934.4,W33
1816.4,W33
1762.1,W33
1771.8,W33
2090.2,W33
2217.3,W33
2106.9,W33
2242.6,W33
2384.7,W33
2513.1,W33
2398.1,W33
2786.3,W33
3095.1,W33
3203.2,W33
2777.1,W33
3512,W33
4179,W33
4095.9,W33
4843.9,W33
3971.5,W33
3021.9,W33
3136.2,W33
3173.1,W33
2760.5,W33
2472.9,W33
2640,W33
2732.9,W33
2414.2,W33
2385.8,W33
2540.1,W33
2599.5,W33
2694.9,W33
2324.8,W33
2452.1,W33
2451.1,W33
2306.4,W33
2058.8,W33
2135.2,W33
2034.5,W33
2440.1,W33
2452.3,W33
2323.1,W33
2192,W33
2838.8,W33
3209,W33
2327.7,W33
2073.3,W33
2149.5,W33
2001,W33
1849.5,W33
1935.2,W33
1948.1,W33
1915.1,W33
2071.9,W33
1896.3,W33
2010.5,W33
2167.7,W33
2427.3,W33
2089,W33
2230.7,W33
2235.4,W33
2689.2,W33
2546.1,W33
2744.5,W33
2474.6,W33
4076.4,W33
3439,W33
2996,W33
4712.3,W33
4073.4,W33
5350.4,W33
4032.1,W33
3088.7,W33
3065.8,W33
2794.5,W33
2530,W33
2459,W33
2337.7,W33
2386.8,W33
2377.8,W33
2349.3,W33
2169.8,W33
1900.7,W33
3093.4,W33
2190.2,W33
2336.6,W33
2241.1,W33
2222.3,W33
2051.5,W33
2145.4,W33
1985.3,W33
2301.8,W33
2393.1,W33
2322.5,W33
2027.3,W33
2133.9,W33
3258.1,W33
2439.9,W33
2079.6,W33
1960.2,W33
2048.3,W33
1833.4,W33
1866.5,W33
1751.5,W33
1854.9,W33
1664.9,W33
1771.9,W33
1733.5,W33
1833.8,W33
2177.7,W33
1714.1,W33
1889.1,W33
1923.4,W33
2353.4,W33
2173.6,W33
2196,W33
1824.5,W33
3113.7,W33
2416.4,W33
2663.5,W33
2611.8,W33
3652.5,W33
4546.8,W33
3142.3,W33
2311.5,W33
2173.6,W33
2174.5,W33
1928.4,W33
1906.1,W33
2115.6,W33
2066.7,W33
1893,W33
2077.7,W33
2277.9,W33
2038.4,W33
2370.2,W33
1903.7,W33
1688.1,W33
1620.7,W33
1653.2,W33
1639.4,W33
1705.4,W33
1725.1,W33
1714.5,W33
1842.5,W33
1891.4,W33
1844.2,W33
2002.9,W33
2143.5,W33
1973.2,W33
1616.5,W33
1524.7,W33
1609,W33
1476.8,W33
1527.9,W33
1482.9,W33
1519.2,W33
1342.1,W33
1520.5,W33
1502,W33
1744.7,W33
2053.5,W33
1558.4,W33
1731.4,W33
1720,W33
2191.1,W33
1790.4,W33
2112.6,W33
1630.7,W33
2741.4,W33
2442.5,W33
2293.4,W33
2506.7,W33
3649.1,W33
4004.1,W33
4083.5,W33
2612.5,W33
3657,W33
3141.2,W33
2095.2,W33
2545.4,W33
1963.5,W33
2150.2,W33
2434.1,W33
1963.1,W33
1784.9,W33
1777.8,W33
2438.4,W33
2100.8,W33
1960.6,W33
1725.4,W33
2178.1,W33
1740,W33
1774.6,W33
1724.3,W33
1656.3,W33
1757.6,W33
1858.4,W33
1988.6,W33
2025,W33
2492.3,W33
2081.4,W33
1700.8,W33
1624.6,W33
1732.2,W33
1545.7,W33
1521.5,W33
1473.2,W33
1588.8,W33
1409.3,W33
1466.7,W33
1456.7,W33
1484,W33
2006.8,W33
1500.5,W33
1682,W33
1656.5,W33
1946.6,W33
1610.2,W33
2113.9,W33
1753,W33
2982.7,W33
2570.5,W33
2365.3,W33
2560.4,W33
3713.7,W33
4352.2,W33
3665.8,W33
2516.7,W33
2565,W33
2361.8,W33
2770.2,W33
2244.4,W33
1851.2,W33
2110.4,W33
2048.3,W33
1899.5,W33
1810.8,W33
1749.6,W33
2560.4,W33
2070.2,W33
1971.6,W33
1832.6,W33
2157.3,W33
1906.9,W33
2030.1,W33
2001.3,W33
1836.6,W33
2187.3,W33
2382.7,W33
2041.9,W33
2016.6,W33
2731.2,W33
2552.7,W33
2021,W33
1795,W33
1895,W33
1728.1,W33
1579.6,W33
1644,W33
1721.2,W33
1662.1,W33
1726.9,W33
1603.1,W33
1606.8,W33
2363.8,W33
1810.3,W33
1942.7,W33
1902.9,W33
2262.1,W33
1982.4,W33
3216,W33
2223.6,W33
3351.9,W33
2698.9,W33
2892,W33
3358.3,W33
4121.4,W33
3608.2,W33
4098.9,W33
4928.1,W33
4323.3,W33
2901.8,W33
2787.9,W33
2191,W33
2049.1,W33
2164.7,W33
2171.4,W33
2244.8,W33
2145.7,W33
1913.6,W33
2104,W33
2326.9,W33
1937.8,W33
1745.7,W33
1933.4,W33
2051.4,W33
1791,W33
1812,W33
1760.7,W33
2194.1,W33
2064.9,W33
2036.5,W33
1916.8,W33
2168.4,W33
2472.7,W33
2058.7,W33
1752,W33
1703.2,W33
1646.5,W33
1549.2,W33
1493.8,W33
1424.4,W33
1501.4,W33
1585.5,W33
1512.9,W33
1461.2,W33
1686.3,W33
1974.1,W33
1514.9,W33
1790,W33
1741.4,W33
1943,W33
2002.6,W33
2199.3,W33
1817.1,W33
3114.5,W33
2607.5,W33
2687.7,W33
3730.2,W33
3289.8,W33
4133,W33
3394.6,W33
2509.6,W33
2422,W33
2124.1,W33
2073.3,W33
1852.4,W33
1835.4,W33
2075.9,W33
1848.4,W33
1651.6,W33
1653.4,W33
1985.6,W33
2185.8,W33
1782.5,W33
1721.9,W33
1657.1,W33
1815.3,W33
1628.7,W33
1623.9,W33
1503.7,W33
2068.9,W33
2186.9,W33
2024.1,W33
1645.8,W33
1943.5,W33
2265.9,W33
1707.2,W33
1616.3,W33
1503.6,W33
1658.4,W33
1751.4,W33
1609.8,W33
1686.6,W33
1427.3,W33
1536,W33
1428.2,W33
1385.7,W33
1557.4,W33
1786,W33
1504.5,W33
1685.8,W33
1831.8,W33
1995.1,W33
1941.9,W33
2282.9,W33
1912.4,W33
3085,W33
2467.4,W33
2323.4,W33
3422.6,W33
3869.3,W33
5248.8,W33
3742.5,W33
2570.8,W33
2514.7,W33
2443.9,W33
2168.5,W33
2022.9,W33
2102.2,W33
2286.6,W33
2167.6,W33
2114,W33
1772.4,W33
1770.6,W33
2258.4,W33
1988.2,W33
1750.3,W33
1739.3,W33
1895.8,W33
1872,W33
1701.9,W33
1589.7,W33
2007.3,W33
2332,W33
2324.2,W33
2056.7,W33
1996.7,W33
2753.3,W33
1870.3,W33
1633.5,W33
1629,W33
1714.2,W33
1524,W33
1526.4,W33
1444.1,W33
1604.4,W33
1431.7,W33
1400.8,W33
1407.8,W33
1649.5,W33
1912.1,W33
1542.9,W33
1691.7,W33
1724.2,W33
2042.8,W33
1841.7,W33
2133.7,W33
1854.7,W33
3113.4,W33
2388,W33
2241.6,W33
3247.1,W33
4024.2,W33
5175.6,W33
3561.2,W33
3185.9,W33
2521.3,W33
2337.4,W33
2051.5,W33
1892.4,W33
2007.3,W33
2103.7,W33
2012.2,W33
1876.4,W33
1810.9,W33
1730,W33
2298.3,W33
1837.6,W33
1667,W33
1589.7,W33
1802.3,W33
1616.2,W33
1528.9,W33
1531.1,W33
1639.5,W33
1995.5,W33
2129.8,W33
1745.4,W33
1887.9,W33
2026.3,W33
1734.7,W33
1548.6,W33
1522.7,W33
1562.3,W33
1474.7,W33
1383.1,W33
1359.4,W33
1466.6,W33
1299.4,W33
1338.6,W33
1364.4,W33
1388.1,W33
1659.2,W33
1350,W33
1475.5,W33
1364.4,W33
1671,W33
1516.6,W33
1832.9,W33
1755.7,W33
2746.8,W33
2063.1,W33
2178.9,W33
2441.3,W33
3719.6,W33
3570.6,W33
3402.9,W33
2466.6,W33
2556,W33
2509.3,W33
2022.4,W33
1729.7,W33
1547.6,W33
1659.4,W33
1534,W33
1437.9,W33
1420.2,W33
1419.3,W33
1680.8,W33
1404.8,W33
1639.3,W33
1619.9,W33
1581.4,W33
1484.4,W33
1451.2,W33
1498.8,W33
1469.3,W33
1980.2,W33
1976.9,W33
1741.2,W33
1597.3,W33
2043.1,W33
1858.8,W33
1531,W33
1363.7,W33
1469.9,W33
1481.3,W33
1393.4,W33
1377.5,W33
1364.6,W33
1236.5,W33
1280,W33
1217,W33
1278.5,W33
1726.9,W33
1417.1,W33
1501,W33
1452.3,W33
1787,W33
1496,W33
2034.7,W33
1908.6,W33
2932.3,W33
2509.6,W33
2192.2,W33
2825.2,W33
3823.5,W33
3647.4,W33
4164.1,W33
2570.4,W33
2686.1,W33
2489,W33
2351.5,W33
2134.8,W33
2072.4,W33
2019.8,W33
2529.4,W33
2324.1,W33
2031.3,W33
1904.5,W33
2393.8,W33
2082.5,W33
2318.6,W33
2019.7,W33
2102.4,W33
2037.7,W33
1966.6,W33
2061.3,W33
2144.7,W33
2527.1,W33
2490.8,W33
2511.9,W33
2064.5,W33
3005.1,W33
2559.1,W33
1925.7,W33
1822.6,W33
1923.6,W33
1919.7,W33
1813.4,W33
1746.5,W33
1846.9,W33
1946.2,W33
1765.5,W33
1839.5,W33
2150.5,W33
2467.6,W33
2348.5,W33
2219.5,W33
2224.7,W33
2587.3,W33
2523.7,W33
2279.5,W33
2488.4,W33
4146.5,W33
2953.4,W33
2549,W33
3134.1,W33
5126.1,W33
4399.1,W33
4569.7,W33
2881.3,W33
2701.1,W33
2548.1,W33
2569.4,W33
2230,W33
2316.6,W33
2183.5,W33
2276,W33
1993.1,W33
2280.2,W33
2338.4,W33
2554.7,W33
2219.7,W33
1833.3,W33
1795.2,W33
2144.4,W33
1871.4,W33
2070.2,W33
1894.6,W33
1794.1,W33
2367.1,W33
2432.3,W33
2045.6,W33
1957.7,W33
2424.4,W33
2537.4,W33
1899.7,W33
1589,W33
1831.2,W33
1844.3,W33
1675.6,W33
1741.2,W33
1807.4,W33
2005.6,W33
1739,W33
1672.1,W33
1655.4,W33
2036.9,W33
2125,W33
2166,W33
2183.8,W33
2340.2,W33
2445,W33
2346.1,W33
2546.2,W33
2373.9,W33
4128,W33
3245.7,W33
2731.4,W33
4902.4,W33
3992.8,W33
4611.8,W33
3106.7,W33
2845.8,W33
2638.1,W33
2643.1,W33
2410.7,W33
2999.8,W33
2739.9,W33
2659.4,W33
2264.8,W33
2194.5,W33
2000.2,W33
2171.9,W33
2777.1,W33
2398.7,W33
2252.3,W33
2129,W33
2014.6,W33
2017.9,W33
1957.6,W33
1897.5,W33
2402.4,W33
2592.1,W33
2578.4,W33
2172.8,W33
2570.8,W33
2773.8,W33
1941.1,W33
1779.6,W33
1886.7,W33
1888,W33
1719.1,W33
1706.4,W33
1750.5,W33
2103.1,W33
1817.7,W33
1652.6,W33
1660.5,W33
1881.6,W33
2056.3,W33
1729,W33
1840.6,W33
2027,W33
2197.7,W33
2080.4,W33
2272.5,W33
2318.2,W33
4267.4,W33
2859.7,W33
2768.9,W33
4086.8,W33
3577.3,W33
4518.1,W33
3050.2,W33
2610.4,W33
2890.6,W33
2881.2,W33
2188.1,W33
1962.4,W33
1904.4,W33
2080.1,W33
1923.7,W33
1966.7,W33
1793.4,W33
1971.8,W33
2377.4,W33
2019.7,W33
1769.8,W33
1695.3,W33
1836.6,W33
1682.5,W33
1741.6,W33
1782.5,W33
1929.1,W33
2352.1,W33
2266.5,W33
1924.1,W33
2028.3,W33
2393.8,W33
1876.9,W33
1666.9,W33
1578.9,W33
1839.3,W33
1603.2,W33
1601.1,W33
1555.5,W33
1684.5,W33
1651.8,W33
1600.4,W33
1609.4,W33
1616.1,W33
2076.2,W33
1693.5,W33
1850.6,W33
1680.1,W33
2046.8,W33
1953.4,W33
2145.1,W33
2326.2,W33
3527.2,W33
2506.7,W33
2237.1,W33
3100.2,W33
4032.3,W33
4947.9,W33
2896.8,W33
2599.7,W33
2547.4,W33
2396.5,W33
1895.5,W33
1968.7,W33
1919.4,W33
2467.8,W33
2126.4,W33
1982.7,W33
1944.5,W33
1986,W33
2282.6,W33
1748.5,W33
1662,W33
1667.2,W33
1817.9,W33
1628.4,W33
1613.1,W33
1714.6,W33
1882.8,W33
2331,W33
2351.2,W33
1944.7,W33
1969.1,W33
2398.3,W33
1933.2,W33
1625.2,W33
1591.4,W33
1768.8,W33
1549.1,W33
1554.1,W33
1537.4,W33
1765,W33
1536.2,W33
1489.4,W33
1369.4,W33
1430.8,W33
1920.2,W33
1755.5,W33
1705.8,W33
2019.8,W33
1973.6,W33
1644.3,W33
2228.4,W33
2335.1,W33
3426.6,W33
2714.5,W33
2707.1,W33
3191.2,W33
3972.6,W33
4113.4,W33
3072.7,W33
2347.8,W33
2333,W33
2371.6,W33
2186.6,W33
2225,W33
1996.3,W33
2208.5,W33
2071.8,W33
1990.5,W33
1849.6,W33
1756.6,W33
2189.1,W33
2076.1,W33
1950.7,W33
1799.9,W33
1804.1,W33
1730.1,W33
2201.6,W33
1893.6,W33
1867.3,W33
2409.8,W33
2418.7,W33
2111.7,W33
2308.5,W33
2834.6,W33
2201.9,W33
1652.2,W33
1597.3,W33
1793.6,W33
1605.6,W33
1533.9,W33
1605.4,W33
1760.1,W33
1628.5,W33
1604.1,W33
1471.7,W33
1554.8,W33
1988.6,W33
1579.9,W33
1862,W33
1870.8,W33
2071.7,W33
1707.2,W33
2599.7,W33
2346.7,W33
3624.9,W33
2619.6,W33
2213.2,W33
2894.1,W33
4636.9,W33
3466.4,W33
3910.6,W33
2690.6,W33
2695.1,W33
2479.7,W33
3245.4,W33
2771.1,W33
2492.1,W33
2216.2,W33
2316.5,W33
2121.7,W33
1986.2,W33
1887.5,W33
2670.9,W33
2155.9,W33
2126.8,W33
1958.2,W33
1932.2,W33
1711,W33
1778.9,W33
1771,W33
1711.3,W33
2233.3,W33
2655,W33
2229.5,W33
1928.1,W33
2600.2,W33
2729.2,W33
1752.1,W33
1642.9,W33
1750.5,W33
1689,W33
1637.5,W33
1839.2,W33
1718.8,W33
1630,W33
1618.1,W33
1518.3,W33
1635.1,W33
1470,W33
1831.2,W33
1860.7,W33
2952.6,W33
2076,W33
1926.5,W33
2127.6,W33
2526.5,W33
3130.5,W33
2901.6,W33
1965.4,W33
1930.4,W33
2322,W56
2186,W56
2019,W56
1782,W56
1662,W56
1470,W56
1303,W56
1203,W56
1149,W56
1015,W56
1004,W56
952,W56
965,W56
953,W56
969,W56
1005,W56
1085,W56
1161,W56
1237,W56
1325,W56
1403,W56
1494,W56
1601,W56
1682,W56
1754,W56
1821,W56
1911,W56
1999,W56
2096,W56
2179,W56
2248,W56
2335,W56
2396,W56
2485,W56
2557,W56
2632,W56
2716,W56
2791,W56
2854,W56
2912,W56
2962,W56
2992,W56
3061,W56
3071,W56
3080,W56
3096,W56
3086,W56
3034,W56
2957,W56
2914,W56
2765,W56
2696,W56
2632,W56
2450,W56
2339,W56
2283,W56
2124,W56
1998,W56
1824,W56
1628,W56
1604,W56
1488,W56
1347,W56
1333,W56
1362,W56
1332,W56
1293,W56
1288,W56
1325,W56
1362,W56
1405,W56
1416,W56
1526,W56
1605,W56
1698,W56
1774,W56
1863,W56
1950,W56
2014,W56
2125,W56
2189,W56
2239,W56
2289,W56
2320,W56
2371,W56
2403,W56
2456,W56
2503,W56
2582,W56
2655,W56
2727,W56
2795,W56
2836,W56
2905,W56
2955,W56
2987,W56
3000,W56
2918,W56
2846,W56
2788,W56
2719,W56
2652,W56
2477,W56
2349,W56
2192,W56
2063,W56
1872,W56
1775,W56
1618,W56
1409,W56
1191,W56
1112,W56
1061,W56
1017,W56
909,W56
844,W56
810,W56
757,W56
733,W56
697,W56
729,W56
819,W56
879,W56
945,W56
1000,W56
1081,W56
1161,W56
1251,W56
1338,W56
1423,W56
1507,W56
1593,W56
1684,W56
1770,W56
1844,W56
1921,W56
1996,W56
2083,W56
2146,W56
2232,W56
2326,W56
2406,W56
2490,W56
2568,W56
2659,W56
2697,W56
2755,W56
2788,W56
2816,W56
2802,W56
2721,W56
2659,W56
2559,W56
2490,W56
2439,W56
2310,W56
2180,W56
2176,W56
2065,W56
1805,W56
1658,W56
1496,W56
1428,W56
1277,W56
1214,W56
1139,W56
1086,W56
1039,W56
977,W56
977,W56
1004,W56
982,W56
977,W56
1008,W56
1063,W56
1133,W56
1191,W56
1263,W56
1353,W56
1443,W56
1535,W56
1627,W56
1694,W56
1785,W56
1869,W56
1921,W56
1976,W56
2024,W56
2102,W56
2169,W56
2232,W56
2312,W56
2402,W56
2484,W56
2549,W56
2628,W56
2711,W56
2792,W56
2858,W56
2889,W56
2886,W56
2903,W56
2847,W56
2746,W56
2717,W56
2649,W56
2509,W56
2371,W56
2271,W56
2140,W56
2111,W56
1957,W56
1823,W56
1724,W56
1643,W56
1554,W56
1477,W56
1434,W56
1388,W56
1239,W56
1156,W56
1138,W56
1206,W56
1218,W56
1269,W56
1326,W56
1396,W56
1490,W56
1575,W56
1658,W56
1753,W56
1832,W56
1932,W56
2010,W56
2075,W56
2143,W56
2231,W56
2306,W56
2366,W56
2428,W56
2499,W56
2568,W56
2634,W56
2685,W56
2721,W56
2795,W56
2850,W56
2896,W56
2943,W56
2999,W56
3072,W56
3121,W56
3185,W56
3213,W56
3163,W56
3144,W56
3145,W56
3172,W56
3125,W56
3038,W56
2870,W56
2707,W56
2472,W56
2265,W56
2173,W56
2099,W56
2017,W56
1976,W56
1888,W56
1763,W56
1689,W56
1542,W56
1446,W56
1403,W56
1407,W56
1447,W56
1452,W56
1457,W56
1495,W56
1571,W56
1651,W56
1726,W56
1796,W56
1885,W56
1941,W56
2020,W56
2106,W56
2169,W56
2228,W56
2308,W56
2348,W56
2373,W56
2414,W56
2461,W56
2508,W56
2575,W56
2638,W56
2718,W56
2794,W56
2871,W56
2933,W56
2989,W56
3038,W56
3058,W56
3068,W56
3088,W56
3105,W56
3090,W56
3103,W56
3035,W56
2962,W56
2843,W56
2663,W56
2523,W56
2418,W56
2310,W56
2109,W56
1856,W56
1647,W56
1504,W56
1377,W56
1318,W56
1288,W56
1259,W56
1192,W56
1156,W56
1153,W56
1156,W56
1123,W56
1144,W56
1182,W56
1242,W56
1283,W56
1333,W56
1382,W56
1455,W56
1532,W56
1591,W56
1657,W56
1717,W56
1812,W56
1875,W56
1921,W56
1978,W56
2036,W56
2080,W56
2127,W56
2171,W56
2205,W56
2274,W56
2338,W56
2412,W56
2486,W56
2547,W56
2574,W56
2644,W56
2713,W56
2748,W56
2744,W56
2654,W56
2506,W56
2434,W56
2287,W56
2140,W56
1973,W56
1765,W56
1611,W56
1525,W56
1452,W56
1333,W56
1238,W56
1151,W56
1075,W56
966,W56
894,W56
817,W56
799,W56
796,W56
738,W56
741,W56
810,W56
844,W56
947,W56
1054,W56
1157,W56
1267,W56
1354,W56
1457,W56
1560,W56
1664,W56
1768,W56
1867,W56
1974,W56
2075,W56
2152,W56
2220,W56
2295,W56
2341,W56
2426,W56
2500,W56
2576,W56
2673,W56
2764,W56
2857,W56
2925,W56
2998,W56
3068,W56
3100,W56
3132,W56
3152,W56
3187,W56
3220,W56
3250,W56
3254,W56
3238,W56
3195,W56
3115,W56
2989,W56
2790,W56
2648,W56
2522,W56
2410,W56
2332,W56
2160,W56
2036,W56
1962,W56
1819,W56
1728,W56
1636,W56
1561,W56
1500,W56
1491,W56
1506,W56
1575,W56
1606,W56
1645,W56
1707,W56
1775,W56
1847,W56
1954,W56
2042,W56
2123,W56
2218,W56
2286,W56
2353,W56
2422,W56
2486,W56
2534,W56
2567,W56
2620,W56
2657,W56
2716,W56
2781,W56
2855,W56
2924,W56
2990,W56
3038,W56
3080,W56
3128,W56
3161,W56
3172,W56
3145,W56
3097,W56
3096,W56
3047,W56
2956,W56
2794,W56
2635,W56
2540,W56
2417,W56
2331,W56
2195,W56
1976,W56
1729,W56
1521,W56
1371,W56
1168,W56
1014,W56
838,W56
736,W56
654,W56
660,W56
696,W56
688,W56
642,W56
702,W56
754,W56
836,W56
900,W56
990,W56
1085,W56
1199,W56
1324,W56
1438,W56
1565,W56
1662,W56
1809,W56
1904,W56
1981,W56
2062,W56
2138,W56
2222,W56
2299,W56
2352,W56
2419,W56
2518,W56
2619,W56
2719,W56
2820,W56
2904,W56
2981,W56
3066,W56
3121,W56
3155,W56
3187,W56
3155,W56
3154,W56
3095,W56
2984,W56
2850,W56
2699,W56
2619,W56
2567,W56
2414,W56
2258,W56
2063,W56
1827,W56
1603,W56
1431,W56
1267,W56
1171,W56
1143,W56
1097,W56
1032,W56
1014,W56
1034,W56
1049,W56
1077,W56
1155,W56
1227,W56
1303,W56
1388,W56
1477,W56
1564,W56
1666,W56
1760,W56
1845,W56
1938,W56
2047,W56
2155,W56
2227,W56
2297,W56
2380,W56
2452,W56
2530,W56
2614,W56
2695,W56
2775,W56
2874,W56
2942,W56
3011,W56
3092,W56
3159,W56
3223,W56
3249,W56
3293,W56
3327,W56
3321,W56
3304,W56
3299,W56
3211,W56
3150,W56
3027,W56
2849,W56
2698,W56
2610,W56
2500,W56
2270,W56
2083,W56
1906,W56
1808,W56
1720,W56
1613,W56
1474,W56
1379,W56
1290,W56
1239,W56
1249,W56
1293,W56
1343,W56
1416,W56
1455,W56
1509,W56
1599,W56
1692,W56
1778,W56
1883,W56
1956,W56
2036,W56
2133,W56
2199,W56
2291,W56
2344,W56
2383,W56
2420,W56
2463,W56
2515,W56
2575,W56
2633,W56
2669,W56
2758,W56
2832,W56
2885,W56
2929,W56
2987,W56
3062,W56
3139,W56
3168,W56
3229,W56
3282,W56
3274,W56
3225,W56
3166,W56
2964,W56
2802,W56
2640,W56
2641,W56
2621,W56
2575,W56
2494,W56
2406,W56
2368,W56
2266,W56
2143,W56
1972,W56
1887,W56
1832,W56
1809,W56
1705,W56
1695,W56
1714,W56
1771,W56
1851,W56
1904,W56
1989,W56
2080,W56
2163,W56
2243,W56
2320,W56
2397,W56
2476,W56
2542,W56
2615,W56
2704,W56
2763,W56
2756,W56
2775,W56
2763,W56
2800,W56
2857,W56
2905,W56
2976,W56
3084,W56
3177,W56
3254,W56
3327,W56
3389,W56
3442,W56
3461,W56
3452,W56
3445,W56
3450,W56
3449,W56
3417,W56
3406,W56
3238,W56
3167,W56
3121,W56
3074,W56
3025,W56
2936,W56
2757,W56
2571,W56
2347,W56
2088,W56
1865,W56
1733,W56
1631,W56
1516,W56
1533,W56
1511,W56
1569,W56
1592,W56
1546,W56
1564,W56
1651,W56
1747,W56
1842,W56
1946,W56
2053,W56
2163,W56
2255,W56
2344,W56
2443,W56
2521,W56
2627,W56
2692,W56
2763,W56
2840,W56
2882,W56
2903,W56
2926,W56
2969,W56
3005,W56
3069,W56
3132,W56
3206,W56
3263,W56
3336,W56
3375,W56
3443,W56
3509,W56
3545,W56
3536,W56
3540,W56
3528,W56
3440,W56
3294,W56
3173,W56
3008,W56
2921,W56
2750,W56
2691,W56
2536,W56
2262,W56
2062,W56
1942,W56
1770,W56
1619,W56
1484,W56
1398,W56
1313,W56
1277,W56
1248,W56
1234,W56
1261,W56
1285,W56
1371,W56
1436,W56
1529,W56
1614,W56
1701,W56
1806,W56
1886,W56
1943,W56
2033,W56
2118,W56
2208,W56
2312,W56
2396,W56
2461,W56
2517,W56
2567,W56
2655,W56
2757,W56
2847,W56
2905,W56
2972,W56
3023,W56
3110,W56
3198,W56
3277,W56
3347,W56
3393,W56
3412,W56
3472,W56
3488,W56
3422,W56
3358,W56
3291,W56
3167,W56
3020,W56
2877,W56
2830,W56
2736,W56
2560,W56
2374,W56
2179,W56
2020,W56
1996,W56
1895,W56
1793,W56
1681,W56
1651,W56
1654,W56
1654,W56
1674,W56
1695,W56
1741,W56
1823,W56
1911,W56
2005,W56
2107,W56
2213,W56
2337,W56
2443,W56
2557,W56
2651,W56
2721,W56
2796,W56
2886,W56
2952,W56
3023,W56
3089,W56
3152,W56
3204,W56
3258,W56
3323,W56
3392,W56
3458,W56
3525,W56
3589,W56
3658,W56
3716,W56
3734,W56
3759,W56
3788,W56
3813,W56
3833,W56
3835,W56
3837,W56
3773,W56
3566,W56
3400,W56
3276,W56
3118,W56
2852,W56
2607,W56
2521,W56
2406,W56
2215,W56
2025,W56
1853,W56
1737,W56
1626,W56
1615,W56
1626,W56
1638,W56
1669,W56
1756,W56
1829,W56
1912,W56
1995,W56
2089,W56
2165,W56
2269,W56
2357,W56
2456,W56
2543,W56
2624,W56
2684,W56
2762,W56
2840,W56
2891,W56
2919,W56
2948,W56
2985,W56
3012,W56
3052,W56
3106,W56
3164,W56
3267,W56
3340,W56
3414,W56
3499,W56
3590,W56
3683,W56
3754,W56
3821,W56
3840,W56
3835,W56
3828,W56
3805,W56
3716,W56
3552,W56
3368,W56
3232,W56
3097,W56
2959,W56
2716,W56
2542,W56
2353,W56
2144,W56
1911,W56
1830,W56
1745,W56
1674,W56
1618,W56
1612,W56
1624,W56
1579,W56
1607,W56
1654,W56
1685,W56
1757,W56
1827,W56
1919,W56
2024,W56
2107,W56
2187,W56
2256,W56
2354,W56
2432,W56
2527,W56
2611,W56
2671,W56
2714,W56
2758,W56
2783,W56
2833,W56
2906,W56
2961,W56
3025,W56
3112,W56
3201,W56
3312,W56
3409,W56
3521,W56
3624,W56
3716,W56
3794,W56
3831,W56
3843,W56
3852,W56
3851,W56
3831,W56
3729,W56
3629,W56
3548,W56
3472,W56
3377,W56
3290,W56
3098,W56
2966,W56
2888,W56
2761,W56
2595,W56
2513,W56
2433,W56
2369,W56
2380,W56
2430,W56
2472,W56
2478,W56
2501,W56
2548,W56
2576,W56
2606,W56
2667,W56
2744,W56
2815,W56
2877,W56
2944,W56
3006,W56
3063,W56
3102,W56
3135,W56
3163,W56
3189,W56
3217,W56
3241,W56
3261,W56
3308,W56
3374,W56
3402,W56
3429,W56
3496,W56
3576,W56
3653,W56
3725,W56
3776,W56
3843,W56
3908,W56
3929,W56
3911,W56
3873,W56
3877,W56
3804,W56
3806,W56
3724,W56
3652,W56
3517,W56
3316,W56
3168,W56
2996,W56
2802,W56
2684,W56
2527,W56
2400,W56
2229,W56
2083,W56
1938,W56
1876,W56
1781,W56
1687,W56
1673,W56
1704,W56
1734,W56
1777,W56
1865,W56
1964,W56
2053,W56
2141,W56
2252,W56
2347,W56
2438,W56
2533,W56
2605,W56
2687,W56
2745,W56
2786,W56
2845,W56
2941,W56
3006,W56
3063,W56
3130,W56
3188,W56
3253,W56
3299,W56
3386,W56
3487,W56
3577,W56
3654,W56
3741,W56
3779,W56
3814,W56
3834,W56
3789,W56
3776,W56
3614,W56
3533,W56
3248,W56
3071,W56
2974,W56
2817,W56
2530,W56
2423,W56
2185,W56
1923,W56
1693,W56
1443,W56
1348,W56
1196,W56
1001,W56
953,W56
896,W56
822,W56
826,W56
850,W56
899,W56
981,W56
1055,W56
1160,W56
1266,W56
1380,W56
1499,W56
1606,W56
1719,W56
1829,W56
1929,W56
2022,W56
2129,W56
2219,W56
2307,W56
2389,W56
2467,W56
2555,W56
2630,W56
2709,W56
2801,W56
2891,W56
2988,W56
3100,W56
3205,W56
3299,W56
3393,W56
3480,W56
3571,W56
3611,W56
3594,W56
3432,W56
3410,W56
3359,W56
3295,W56
3246,W56
3220,W56
3089,W56
2853,W56
2637,W56
2543,W56
2428,W56
2268,W56
2157,W56
1938,W56
1710,W56
1512,W56
1467,W56
1479,W56
1461,W56
1476,W56
1539,W56
1629,W56
1710,W56
1786,W56
1897,W56
1989,W56
2101,W56
2233,W56
2344,W56
2433,W56
2508,W56
2577,W56
2668,W56
2767,W56
2828,W56
2880,W56
2912,W56
2977,W56
3030,W56
3099,W56
3193,W56
3261,W56
3334,W56
3440,W56
3538,W56
3633,W56
3733,W56
3814,W56
3877,W56
3929,W56
3978,W56
1123.141,Y13190
1127.9,Y13190
1137.418,Y13190
1142.177,Y13190
1142.177,Y13190
1142.177,Y13190
1142.177,Y13190
1151.695,Y13190
1156.454,Y13190
1165.973,Y13190
1180.25,Y13190
1199.286,Y13190
1218.322,Y13190
1223.081,Y13190
1223.081,Y13190
1218.322,Y13190
1218.322,Y13190
1218.322,Y13190
1223.081,Y13190
1227.841,Y13190
1227.841,Y13190
1232.6,Y13190
1232.6,Y13190
1227.841,Y13190
1218.322,Y13190
1208.804,Y13190
1199.286,Y13190
1180.25,Y13190
1165.973,Y13190
1156.454,Y13190
1156.454,Y13190
1156.454,Y13190
1156.454,Y13190
1165.973,Y13190
1161.214,Y13190
1161.214,Y13190
1161.214,Y13190
1161.214,Y13190
1156.454,Y13190
1151.695,Y13190
1156.454,Y13190
1156.454,Y13190
1175.491,Y13190
1199.286,Y13190
1218.322,Y13190
1242.118,Y13190
1256.395,Y13190
1265.913,Y13190
1289.709,Y13190
1299.227,Y13190
1294.468,Y13190
1294.468,Y13190
1289.709,Y13190
1284.949,Y13190
1289.709,Y13190
1284.949,Y13190
1275.431,Y13190
1270.672,Y13190
1265.913,Y13190
1270.672,Y13190
1261.154,Y13190
1265.913,Y13190
1265.913,Y13190
1256.395,Y13190
1251.636,Y13190
1246.877,Y13190
1246.877,Y13190
1246.877,Y13190
1246.877,Y13190
1242.118,Y13190
1246.877,Y13190
1246.877,Y13190
1256.395,Y13190
1256.395,Y13190
1261.154,Y13190
1256.395,Y13190
1256.395,Y13190
1256.395,Y13190
1270.672,Y13190
1270.672,Y13190
1270.672,Y13190
1270.672,Y13190
1275.431,Y13190
1270.672,Y13190
1275.431,Y13190
1270.672,Y13190
1265.913,Y13190
1270.672,Y13190
1270.672,Y13190
1270.672,Y13190
1261.154,Y13190
1265.913,Y13190
1265.913,Y13190
1265.913,Y13190
1270.672,Y13190
1270.672,Y13190
1275.431,Y13190
1280.19,Y13190
1280.19,Y13190
1270.672,Y13190
1270.672,Y13190
1270.672,Y13190
1270.672,Y13190
1270.672,Y13190
1275.431,Y13190
1275.431,Y13190
1284.949,Y13190
1284.949,Y13190
1294.468,Y13190
1299.227,Y13190
1299.227,Y13190
1299.227,Y13190
1299.227,Y13190
1299.227,Y13190
1299.227,Y13190
1299.227,Y13190
1299.227,Y13190
1303.986,Y13190
1303.986,Y13190
1313.504,Y13190
1323.022,Y13190
1337.299,Y13190
1332.54,Y13190
1337.299,Y13190
1332.54,Y13190
1327.781,Y13190
1327.781,Y13190
1327.781,Y13190
1327.781,Y13190
1327.781,Y13190
1327.781,Y13190
1332.54,Y13190
1332.54,Y13190
1323.022,Y13190
1318.263,Y13190
1313.504,Y13190
1313.504,Y13190
1313.504,Y13190
1318.263,Y13190
1327.781,Y13190
1327.781,Y13190
1327.781,Y13190
1327.781,Y13190
1327.781,Y13190
1332.54,Y13190
1337.299,Y13190
1346.817,Y13190
1342.058,Y13190
1342.058,Y13190
1337.299,Y13190
1337.299,Y13190
1342.058,Y13190
1342.058,Y13190
1342.058,Y13190
1342.058,Y13190
1346.817,Y13190
1346.817,Y13190
1346.817,Y13190
1346.817,Y13190
1346.817,Y13190
1337.299,Y13190
1342.058,Y13190
1351.576,Y13190
1356.336,Y13190
1356.336,Y13190
1356.336,Y13190
1356.336,Y13190
1356.336,Y13190
1356.336,Y13190
1361.095,Y13190
1361.095,Y13190
1351.576,Y13190
1342.058,Y13190
1346.817,Y13190
1346.817,Y13190
1346.817,Y13190
1346.817,Y13190
1346.817,Y13190
1351.576,Y13190
1356.336,Y13190
1356.336,Y13190
1356.336,Y13190
1346.817,Y13190
1351.576,Y13190
1351.576,Y13190
1351.576,Y13190
1351.576,Y13190
1351.576,Y13190
1356.336,Y13190
1356.336,Y13190
1356.336,Y13190
1356.336,Y13190
1356.336,Y13190
1356.336,Y13190
1356.336,Y13190
1351.576,Y13190
1356.336,Y13190
1356.336,Y13190
1361.095,Y13190
1356.336,Y13190
1356.336,Y13190
1356.336,Y13190
1356.336,Y13190
1361.095,Y13190
1361.095,Y13190
1356.336,Y13190
1351.576,Y13190
1346.817,Y13190
1346.817,Y13190
1346.817,Y13190
1351.576,Y13190
1351.576,Y13190
1342.058,Y13190
1351.576,Y13190
1356.336,Y13190
1356.336,Y13190
1361.095,Y13190
1361.095,Y13190
1361.095,Y13190
1361.095,Y13190
1365.854,Y13190
1365.854,Y13190
1365.854,Y13190
1370.613,Y13190
1370.613,Y13190
1375.372,Y13190
1380.131,Y13190
1380.131,Y13190
1384.89,Y13190
1384.89,Y13190
1384.89,Y13190
1389.649,Y13190
1389.649,Y13190
1399.167,Y13190
1399.167,Y13190
1399.167,Y13190
1403.926,Y13190
1403.926,Y13190
1408.685,Y13190
1403.926,Y13190
1408.685,Y13190
1418.203,Y13190
1418.203,Y13190
1418.203,Y13190
1422.962,Y13190
1427.722,Y13190
1427.722,Y13190
1437.24,Y13190
1437.24,Y13190
1437.24,Y13190
1437.24,Y13190
1437.24,Y13190
1441.999,Y13190
1446.758,Y13190
1446.758,Y13190
1451.517,Y13190
1456.276,Y13190
1465.794,Y13190
1465.794,Y13190
1461.035,Y13190
1465.794,Y13190
1465.794,Y13190
1470.553,Y13190
1470.553,Y13190
1475.312,Y13190
1475.312,Y13190
1484.83,Y13190
1484.83,Y13190
1489.59,Y13190
1499.108,Y13190
1503.867,Y13190
1503.867,Y13190
1508.626,Y13190
1513.385,Y13190
1513.385,Y13190
1518.144,Y13190
1522.903,Y13190
1527.662,Y13190
1527.662,Y13190
1532.421,Y13190
1537.18,Y13190
1541.939,Y13190
1546.698,Y13190
1551.458,Y13190
1556.217,Y13190
1556.217,Y13190
1560.976,Y13190
1580.012,Y13190
1584.771,Y13190
1584.771,Y13190
1584.771,Y13190
1580.012,Y13190
1589.53,Y13190
1594.289,Y13190
1599.048,Y13190
1603.807,Y13190
1603.807,Y13190
1603.807,Y13190
1599.048,Y13190
1603.807,Y13190
1599.048,Y13190
1599.048,Y13190
1603.807,Y13190
1608.566,Y13190
1613.325,Y13190
1618.085,Y13190
1622.844,Y13190
1627.603,Y13190
1632.362,Y13190
1637.121,Y13190
1641.88,Y13190
1641.88,Y13190
1646.639,Y13190
1675.193,Y13190
1684.711,Y13190
1694.23,Y13190
1703.748,Y13190
1713.266,Y13190
1718.025,Y13190
10498.51,Y13190
10555.62,Y13190
10565.14,Y13190
10427.13,Y13190
10527.07,Y13190
10803.09,Y13190
2662,Y22992
2665,Y22992
2654,Y22992
2660,Y22992
2656,Y22992
2653,Y22992
2654,Y22992
2649,Y22992
2654,Y22992
2659,Y22992
2662,Y22992
2659,Y22992
2649,Y22992
2644,Y22992
2643,Y22992
2631,Y22992
2636,Y22992
2643,Y22992
2636,Y22992
2636,Y22992
2648,Y22992
2650,Y22992
2653,Y22992
2645,Y22992
2645,Y22992
2637,Y22992
2644,Y22992
2646,Y22992
2656,Y22992
2650,Y22992
2661,Y22992
2652,Y22992
2647,Y22992
2654,Y22992
2661,Y22992
2666,Y22992
2664,Y22992
2662,Y22992
2655,Y22992
2662,Y22992
2664,Y22992
2657,Y22992
2660,Y22992
2650,Y22992
2655,Y22992
2648,Y22992
2650,Y22992
2646,Y22992
2650,Y22992
2664,Y22992
2674,Y22992
2663,Y22992
2660,Y22992
2665,Y22992
2663,Y22992
2665,Y22992
2654,Y22992
2655,Y22992
2653,Y22992
2659,Y22992
2646,Y22992
2669,Y22992
2676,Y22992
2689,Y22992
2690,Y22992
2686,Y22992
2692,Y22992
2693,Y22992
2696,Y22992
2697,Y22992
2697,Y22992
2699,Y22992
2706,Y22992
2700,Y22992
2708,Y22992
2693,Y22992
2703,Y22992
2701,Y22992
2695,Y22992
2694,Y22992
2700,Y22992
2698,Y22992
2702,Y22992
2703,Y22992
2710,Y22992
2715,Y22992
2717,Y22992
2717,Y22992
2715,Y22992
2708,Y22992
2716,Y22992
2717,Y22992
2717,Y22992
2713,Y22992
2719,Y22992
2725,Y22992
2728,Y22992
2734,Y22992
2739,Y22992
2753,Y22992
2757,Y22992
2770,Y22992
2770,Y22992
2780,Y22992
2788,Y22992
2788,Y22992
2797,Y22992
2800,Y22992
2792,Y22992
2778,Y22992
2770,Y22992
2777,Y22992
2783,Y22992
2795,Y22992
2792,Y22992
2797,Y22992
2790,Y22992
2797,Y22992
2793,Y22992
2798,Y22992
2783,Y22992
2788,Y22992
2788,Y22992
2792,Y22992
2798,Y22992
2791,Y22992
2794,Y22992
2792,Y22992
2795,Y22992
2792,Y22992
2793,Y22992
2799,Y22992
2807,Y22992
2810,Y22992
2816,Y22992
2813,Y22992
2816,Y22992
2822,Y22992
2833,Y22992
2848,Y22992
2859,Y22992
2842,Y22992
2852,Y22992
2852,Y22992
2855,Y22992
2854,Y22992
2860,Y22992
2861,Y22992
2849,Y22992
2842,Y22992
2860,Y22992
2854,Y22992
2861,Y22992
2871,Y22992
2867,Y22992
2860,Y22992
2872,Y22992
2882,Y22992
2880,Y22992
2875,Y22992
2882,Y22992
2891,Y22992
2882,Y22992
2881,Y22992
2878,Y22992
2885,Y22992
2884,Y22992
2890,Y22992
2890,Y22992
2887,Y22992
2900,Y22992
2904,Y22992
2901,Y22992
2893,Y22992
2887,Y22992
2891,Y22992
2883,Y22992
2889,Y22992
2906,Y22992
2908,Y22992
2908,Y22992
2902,Y22992
2894,Y22992
2905,Y22992
2922,Y22992
2934,Y22992
2939,Y22992
2939,Y22992
2951,Y22992
2945,Y22992
2941,Y22992
2965,Y22992
2961,Y22992
2950,Y22992
2952,Y22992
2949,Y22992
2952,Y22992
2956,Y22992
2982,Y22992
2988,Y22992
3001,Y22992
2991,Y22992
2996,Y22992
2973,Y22992
2980,Y22992
2985,Y22992
2988,Y22992
2993,Y22992
2981,Y22992
2971,Y22992
2942,Y22992
2954,Y22992
2953,Y22992
2956,Y22992
2947,Y22992
2939,Y22992
2957,Y22992
2966,Y22992
3007,Y22992
2995,Y22992
3000,Y22992
3005,Y22992
2998,Y22992
2998,Y22992
3010,Y22992
3019,Y22992
3026,Y22992
3048,Y22992
3070,Y22992
3044,Y22992
3030,Y22992
3029,Y22992
3034,Y22992
3042,Y22992
3057,Y22992
3054,Y22992
3062,Y22992
3046,Y22992
3072,Y22992
3072,Y22992
3070,Y22992
3069,Y22992
3069,Y22992
3070,Y22992
3074,Y22992
3070,Y22992
3067,Y22992
3079,Y22992
3071,Y22992
3085,Y22992
3064,Y22992
3068,Y22992
3069,Y22992
3085,Y22992
3081,Y22992
3073,Y22992
3082,Y22992
3092,Y22992
3091,Y22992
3095,Y22992
3088,Y22992
3104,Y22992
3115,Y22992
3104,Y22992
3114,Y22992
3099,Y22992
3091,Y22992
3113,Y22992
3114,Y22992
3128,Y22992
3122,Y22992
3105,Y22992
3117,Y22992
3123,Y22992
3129,Y22992
3131,Y22992
3131,Y22992
3138,Y22992
3155,Y22992
3151,Y22992
3156,Y22992
3156,Y22992
3155,Y22992
3164,Y22992
3162,Y22992
3156,Y22992
3139,Y22992
3148,Y22992
3158,Y22992
3168,Y22992
3165,Y22992
3170,Y22992
3167,Y22992
3150,Y22992
3150,Y22992
3155,Y22992
3151,Y22992
3158,Y22992
3151,Y22992
3164,Y22992
2569,Y22992
2568,Y22992
2574,Y22992
2560,Y22992
2560,Y22992
2565,Y22992
2580,Y22992
2584,Y22992
2557,Y22992
2572,Y22992
2610,Y22992
2602,Y22992
2626,Y22992
2647,Y22992
2690,Y22992
2696,Y22992
2699,Y22992
2731,Y22992
2728,Y22992
2717,Y22992
2782,Y22992
2797,Y22992
2778,Y22992
2776,Y22992
2843,Y22992
